Temperature,Humidity,Hydrogen,Label
24.3905229314525,51.27251249903705,0.5926056226818287,0
27.043270626622377,46.39847076646534,0.9516856773053958,0
26.7890610703901,45.25654091904061,1.0981464572783528,0
26.888471211980626,47.58226520991184,0.5594117588333319,0
24.228416084711004,48.573842459084446,0.2767465081755991,0
25.875301761051364,45.8416843144269,0.25322445159640194,0
25.00240171885681,52.520343217755865,0.3994389442571994,0
22.848269181196677,52.537571197835184,0.45282043095021385,0
25.291789382456855,55.133909129750755,0.5710574313348952,0
25.12042564656303,50.16279757892252,0.4404799576196256,0
25.257176541158906,48.28934506321204,1.1644198987037173,0
21.89397757783428,51.6424753534272,0.557287372600654,0
23.60085732796071,56.00636255614566,0.2894420196908549,0
20.29840928809955,48.17880885913991,0.5481851012133981,0
28.35502516628626,54.20807611965393,0.6491689824579976,0
21.59910286181558,49.98955304584636,0.5806578320337533,0
23.15783493268183,49.84113013626491,0.2870986182432758,0
28.048072564009317,54.44924680241684,0.31286261165154894,0
27.188908720609124,49.8355675707287,0.4330294457053249,0
24.10806573040067,53.78840116465118,0.7231981663500612,0
28.938830559005673,49.851825486958106,0.12479796767906665,0
24.550364156130836,49.33757928816663,0.38940143669538374,0
25.079482202059474,49.47675726956042,0.3029432793784544,0
23.44630305596129,48.007193075915815,0.8113271000580047,0
26.537186596948196,47.245010680255824,0.5310964229797611,0
25.595165771086986,53.40243164779907,1.4403925866716398,0
22.056984090562892,50.95145637835611,0.22316007535692928,0
26.449440970302227,49.90557183756977,0.9018249197559225,0
24.266994995151144,45.81252787523546,0.8138194886774621,0
24.825421911348784,48.79926674034225,0.7257377698892599,0
24.1370133299434,52.59322827226323,0.6285270799519391,0
25.7980521283757,51.417410500871206,0.4665017252097937,0
24.811176019709706,53.89924138145318,0.2876120523915545,0
24.739025918889,49.179696842820945,0.562920045714255,0
24.49121549006519,50.10488623232085,0.2587057853869471,0
24.05699723371164,47.51069697792585,0.7911349236724151,0
23.52916765667835,52.54129627634903,0.8529003096441687,0
22.73210974400181,46.35689968771728,0.4826080566916028,0
26.234260882261342,47.04181329720743,0.44871233245469194,0
25.976292779580607,50.46980873398495,0.4982390152851841,0
27.619556508156453,49.88733507301594,0.30283091170327303,0
25.32211026424602,45.88595511246501,0.6387782525334547,0
29.185359083501375,47.79802354328871,0.3914660292345924,0
22.066983410483015,51.43694127968218,0.5512902025335005,0
22.121623761861056,48.34771563741048,0.4458113615471122,0
23.148449061080026,47.74185872188484,0.4867183498322282,0
23.678913589190586,49.391485822896016,-0.20302166820633227,0
23.532767992509704,48.87836935377986,0.738076002429648,0
25.486989925843837,53.14968002730855,0.3409196005927825,0
24.636123154423828,47.000028037409216,0.3902870065669608,0
26.73756275432612,55.2219962820518,0.8440768853848011,0
25.69246141575666,52.16971421634796,0.6713842148165008,0
27.828826241667286,44.43503377630349,0.38907679181919147,0
25.5940410567112,49.76401436352509,0.36788744562355724,0
28.74103555579782,52.30496377150407,0.3336261716438661,0
26.275608615678248,49.338868484336125,0.6966073073312196,0
24.368996962393155,52.94563951058331,-0.08416011182974947,0
24.994964689707356,47.68602763004749,0.9003917183133121,0
24.936156244301873,50.22920500894804,0.6366441457850015,0
26.414307823966766,54.98868627891187,0.6792283365920198,0
25.12366079677948,52.52447346265074,0.7186101703257397,0
24.528044866612248,48.48406310253168,0.10590863855545629,0
29.138807537827184,48.47094319202852,0.4113388507683349,0
23.645157669875083,46.0570833791083,0.15617593347653053,0
27.96200359794153,49.17392272693744,0.8171629391427997,0
25.22877024784181,49.223266217805296,0.33706715366409373,0
24.90177879826505,49.342780990363984,0.24454785782158733,0
23.301264831916804,53.454401631290295,0.11759917170090528,0
23.59121849073278,44.02132184866805,0.3112439714705746,0
26.56766373155012,44.6495294528556,0.28155316230435773,0
23.821014323071807,49.45945157190845,0.2896983642914591,0
24.214813788597784,52.419838391562976,0.6627179550773349,0
26.13895132484144,49.225588863815325,0.4959746662176679,0
25.17151493823792,50.373276635984546,0.03757085765400536,0
22.2362495430165,47.24481471604098,-0.102614408023605,0
23.763614415180193,51.10533865285938,0.9144498750902751,0
24.7287973790164,51.48652857499415,0.47771182081362507,0
29.984213396761543,47.07059639571847,0.13551634172904947,0
27.716473492828705,53.58484834454984,0.4972888448690489,0
24.05141567786002,49.015292806865475,0.6307633922431608,0
24.20411566597249,44.775105656313144,0.6524100389300077,0
20.525700912744984,42.79477751289267,-0.3155622397046809,0
24.159263892994282,50.774084184594855,0.4484940586123635,0
25.081991336750814,49.1794070172383,0.4099935727759684,0
28.65445039719584,44.80492807222751,0.6645577203097095,0
25.93937713231928,50.54612841780012,0.5809104996933381,0
26.635649883127066,47.861624490258436,0.5144211182963266,0
25.413783450090538,51.361347065536016,0.4697397582868301,0
21.52949584309724,50.86876658599213,0.5736372187837324,0
25.17100618237557,48.448737583858865,0.7948481308810967,0
26.05000640398041,48.944544777242555,-0.19400641018287934,0
21.5805717478384,48.41242095258483,0.5950610135997615,0
23.60220902884171,43.31163214719753,0.8044973985958093,0
23.32758965094381,54.69419774777751,0.5178433883774988,0
30.704014251954295,47.64190230030311,0.49381927390993974,0
26.20164682774315,46.610399613565086,0.3382216703404547,0
22.322053004387204,49.40330859790619,0.22809077885323997,0
24.903975856878056,53.098016534222154,0.3079315265420658,0
22.37319853945136,50.16329525398191,0.1867420942011611,0
23.683734170237596,52.57612764577276,0.9436277835453648,0
24.553358456690866,51.64143772428849,0.6196614068019414,0
25.37070341975149,45.09272604388835,0.6795049685008798,0
25.5291180615074,50.1336937699928,0.24518264752164343,0
27.239545380153196,51.87645223217034,1.0482957378257831,0
25.265009725397235,50.72086234936438,0.2544825263816696,0
23.299510556890606,51.43897126519522,0.38292655810185644,0
26.06031755791677,50.67953084935359,0.6467910357683544,0
23.778365192595693,50.004364893445086,0.49181300519694215,0
23.94660233426082,48.02885269270809,0.5568388099151118,0
22.362821588696995,48.084062179210854,0.6287078888335221,0
26.340674142640914,48.84747060714232,-0.13914243646841218,0
23.61374690693653,46.155320539955795,0.07827217367647021,0
27.93821342167756,53.655020134686175,0.22926779295027433,0
28.82427615506629,46.96639406112098,0.15862587350828783,0
22.723899694892253,49.95656657200264,-0.013518676023112852,0
25.288365335811996,49.443583533953834,0.8677194025263739,0
26.12370369239452,50.9025617623454,0.419887137709659,0
28.398885330173208,53.70005028464,0.16995717162595747,0
26.84470614735714,52.43852735285917,0.5161381887408178,0
25.4712451023695,55.19459528418628,0.2705710711377832,0
26.265430137413542,43.750157309235945,0.5897407586207302,0
24.683580012387235,55.266617242480535,0.7646787146368201,0
25.045345811843248,53.16524655552711,0.7952879497056328,0
27.984746983289426,47.26558120130773,0.738994724483865,0
27.527314246943526,53.065779311200934,0.4116958542770026,0
28.950357582241338,51.54614859840008,0.1365233476271897,0
25.290458670154116,56.199763155917616,0.16930358048976468,0
24.507745532611604,45.87233254850138,0.2518063653293427,0
25.941348875608057,49.89390322393962,0.7658710238228261,0
23.06433563052112,50.18797396447246,0.5848382353721429,0
25.070533462997055,46.583620886556915,0.5389302003176724,0
25.610184937299344,47.42770941911739,0.7317771598105248,0
25.856831571386174,46.135475723675015,0.1541710834358278,0
26.201304312147037,48.01323845378154,0.6289039427544322,0
24.811065441647955,50.622728198464635,0.12424237092525914,0
27.728654738389384,51.03412265410371,0.9741249418302408,0
23.560369677830028,49.94785198165963,0.7600035470686952,0
25.983082979178416,53.241972611478616,0.17769428633935275,0
25.33268426454303,51.265333181939916,0.2374711085604292,0
27.887197683074184,55.708652108636514,0.5775293115480691,0
24.83077308122193,43.95333575212822,0.7687759971949979,0
20.952359693253122,50.84313935912347,0.6167249609812643,0
18.786289582957888,51.514721020424496,0.36906600482962654,0
21.86762601796514,47.254682504439785,0.6221646717306792,0
21.934816217311273,48.99111201063232,0.7983122950688559,0
22.853800958838068,53.104946548964676,0.45294738980903565,0
27.589741442121166,49.27923295016758,0.7235354605742035,0
21.793761424984787,50.01102360398668,1.014654024463154,0
25.692447277708535,46.048581858671184,0.5757432729455718,0
24.262315299310686,46.12797671610162,0.1502386431738048,0
25.41025800455594,48.64300637678292,0.2723116930580998,0
29.333029049561667,55.680065364451345,0.23320779587692725,0
25.439040650448767,45.98162672421142,0.105614651138282,0
24.216485165277142,53.84991579025284,0.4770133063459474,0
27.35101436602426,43.8845448249067,0.2716861417859266,0
24.377895539445856,48.80747378626961,0.654735915310924,0
23.13068882216349,47.084835089866196,0.42209877662551254,0
24.88986742616631,48.31516286497527,0.7629674010035219,0
27.062003133291462,50.0625164310086,0.7255133580985718,0
25.321371887750722,50.83123643549959,0.49046431272880947,0
23.590659204313752,46.87339331346133,0.42398179745204856,0
23.45235503765284,48.38693767710317,0.4549194859460112,0
25.863715530185928,50.69203925852551,0.8019723433547352,0
25.73199554483654,50.391445873736565,0.22524518148359357,0
23.99919854359618,52.32467507066798,-0.0679578393672916,0
22.992693972500906,50.58297957851055,0.8617653976160695,0
26.5171825244098,47.91006151361681,0.7757024801227503,0
25.563015979023316,49.64582738230065,0.4940889901143185,0
27.316518999546474,46.55419886406655,0.5859687256054225,0
25.216738734144364,52.822227611177915,0.5220467450432237,0
25.849557012507162,47.35883058824108,0.9567713939957967,0
24.70369016247372,56.59800388526911,0.9984221173901923,0
28.023337489470023,49.29657384175689,1.053818666460094,0
27.47923770247024,48.580234498138054,0.3702780342950246,0
25.05380204503921,48.38796724842515,0.40912782260809233,0
24.15643927254183,52.47597354099375,0.6558223955921486,0
28.06806546846631,44.76427843431292,0.39161957008558235,0
24.40181933750921,59.13375277115836,0.22933531930513812,0
24.887774561866287,50.59672693418711,1.0197490260827022,0
26.5805840013235,51.019958810607335,0.6170376335464174,0
20.565141780076576,48.73855161415649,0.7802587994819199,0
28.263897639523243,46.95913953125714,0.32236803655178464,0
21.150218429885694,51.04499964854137,0.5795992121467032,0
22.66295943219474,48.92073985344456,-0.1319501641945967,0
26.53788481078234,47.912705945331524,0.748276936074328,0
26.67239095733366,46.781298675033675,0.6845381282170729,0
24.867775610920212,48.52259653208639,0.8832431498523872,0
25.149640751432266,45.519672026404336,0.7844601029308111,0
29.195104510499228,48.485237066372,0.9930157708685732,0
23.04252030156238,51.542758557674745,0.6835995941476347,0
27.898433820520726,49.543794460192146,0.4441822218041194,0
25.279652614560774,52.2493401346989,-0.026066346817265162,0
25.631517372802048,49.50940592663079,0.6724830101001842,0
30.225718941990525,54.74787892224461,0.5324538985061334,0
25.958389419563936,47.543629779402195,0.20172326517195982,0
24.812152090260955,54.76167400402318,-0.2641019141283162,0
25.162583809365206,50.498529004236445,0.3132069858602089,0
25.748392694732964,49.710202819468265,0.15539355206239486,0
27.231058435138205,54.80730957417112,-0.19722372054342696,0
22.37305972741495,51.8904964282441,0.23390753843022272,0
27.742691387754054,46.163543431786664,0.5918299103946822,0
25.382516780882778,48.37527874139051,0.4674904606362909,0
27.04682837422232,52.262719928466716,0.24312502828308147,0
25.050836494348008,49.27683759693387,0.4789474592186468,0
29.83009695224189,54.81601029989942,0.3339214630493921,0
25.96819682780623,46.04420633666715,0.026964888138859666,0
22.910353166299696,50.74560060896607,0.6363670039257346,0
25.962115478624057,49.75615858061941,0.813408212707632,0
27.54277236192378,55.508979710000276,0.7757958012689299,0
23.83483644060231,50.836402224572495,0.5406648890738803,0
22.644921532132212,51.1360220420667,0.3948853240715592,0
25.818160773542107,54.862709098928505,0.9170148351433883,0
24.125609633842522,54.11839066408165,0.265256455595424,0
24.395070350258507,48.69989669423969,0.3175937306431676,0
25.395232883900402,50.52391946555458,0.8451895714184938,0
28.661396831801486,49.591711292141056,0.3561163931677991,0
31.20558776669482,50.84491459179781,0.6425611395104038,0
21.943991679087752,48.37789008968038,0.3761398215661287,0
26.92703537339888,51.69153517656375,0.5603986646537763,0
27.94545568662842,48.50933107729904,0.7464116209982744,0
23.854851596475864,52.16147059330966,-0.27505191989615696,0
25.854886041088335,47.236819702729626,-0.04071703848943309,0
25.84112575770506,44.91866330010326,-0.14556785755161072,0
26.184090356993615,47.82281901674021,1.2777351265943708,0
23.007163078763533,45.872741420885404,0.32387116744206496,0
24.19403745674564,49.43763639949887,0.5744461332023211,0
27.514663581578958,44.22845960541471,0.22706120588251977,0
22.951194844417458,49.10219098616413,0.3184185314696149,0
23.793064836049624,49.40664765481887,0.5842506500144191,0
23.059407108609058,51.368310021120145,-0.0286856429267206,0
20.86007172548734,52.93316128875113,-0.18127698018265692,0
20.27374406284618,55.76725189429589,0.5005985720475212,0
27.587642943494885,50.64022042733366,0.7623695840483411,0
24.903913791184717,51.26909310893229,0.1751579143933255,0
27.512076396654194,51.318382007661974,0.5906934460775082,0
24.171813393770254,50.13478922439394,0.4093713198515003,0
25.965759317465658,50.71406459725614,0.4536212974736149,0
20.975775144901043,49.72165557087311,-0.11851273733853707,0
25.467131444603538,47.45863042402189,0.37182564403394425,0
26.174018345941388,41.90942810585719,0.11726484481648725,0
29.6608488294102,55.57974658582325,0.8150554948565263,0
25.582632088830252,48.37858543644848,0.7190547457595127,0
26.97942039513648,56.66440687104455,0.7356633624659159,0
23.852415041060162,45.32967706904056,0.6624769390853772,0
23.063294736098925,45.080809705313996,0.7514260207536905,0
23.867606515216394,43.084054266582115,0.18957528614680974,0
27.24664974391746,44.543571702620234,0.025056428037482148,0
23.256024473342304,51.76225377684711,1.008863547062686,0
24.987287694592002,49.931445116843,0.07984928858581009,0
20.82590933895514,49.76653368771724,1.140601769416373,0
25.876008180779195,43.155373679252264,0.2931687392847485,0
25.08264666779613,53.71120967826771,0.8352185986107358,0
23.638097385875355,52.20746714273227,0.47958745344337067,0
23.811334192556227,55.337165883708224,0.6512661163761249,0
24.959340240920973,48.80577435713753,-0.14990495214199073,0
25.388433520615376,44.55403160588833,0.4279933163147295,0
22.72481487617812,52.376523059693575,0.6919999037125487,0
24.66268407395457,51.09373478753578,0.32307820281049954,0
24.972478749584933,54.36923996418629,0.5082449827546168,0
26.103652280702075,47.517903967678244,0.7915931714231343,0
22.294334104025523,50.24240444869461,0.5648179671039281,0
27.71594554026776,51.466083821929544,0.800206361310408,0
21.826201922751753,50.38370602563006,0.7395376221564204,0
26.934807642688543,43.21164088889517,0.657917120859715,0
23.972154863061018,46.74727650893878,0.01936393874500958,0
25.360301307085567,59.241440324142594,0.8043258736360641,0
22.11575513326218,47.79418074932474,0.4721495123806709,0
24.16805233676635,50.74688531960816,0.8087623579934713,0
23.891610642575788,52.11143914181663,0.18866687635241575,0
25.1699022101668,43.94817699790125,0.10767096760064182,0
24.95268662486166,47.32535056226929,0.43260210408407523,0
26.49933699820061,47.332120153164155,0.15602969935910482,0
29.75130755760483,52.53951333530997,0.4772261984147743,0
24.22103875229103,50.14799564644917,1.3545759110913393,0
25.177254844238405,52.78027099776823,0.38917559541853836,0
23.93429057102732,50.8374621382025,1.1128105745423054,0
26.74353034282609,54.023056893150205,0.7438859090705754,0
25.610968361747066,43.7770623415252,0.5580047021168734,0
18.00238180789203,54.1507463478149,-0.09382419198906089,0
23.38029352380802,47.31930519718112,0.4250745131728071,0
23.460608539592,51.82440789331292,0.4117283472566209,0
22.484054757169417,55.10936068236832,0.7991351414471882,0
29.54083189054005,51.81126934806827,0.18950699196715037,0
25.84901363418218,55.28110797544425,0.4189824711319846,0
23.634186187930233,53.712621607151476,0.3901480514069026,0
26.933332171711957,51.92869440133961,0.6905027897486299,0
27.573342903294854,54.24511869414675,1.039908761797456,0
25.782263733511364,45.92880314796498,1.158120755149186,0
26.039010963988893,47.511249651006764,0.4328436237954102,0
26.568336027365028,49.57758141621646,1.443598336906435,0
25.992221083805145,49.40301755831684,0.27518804948415954,0
26.424840624896596,52.00480412577671,0.7799260024011943,0
25.242281870365105,49.52689453424873,0.2230620426117742,0
20.93751559742578,54.63146288363041,0.30208196206051807,0
23.407690083505692,49.42261305039693,0.40953688919773545,0
22.83718032485387,52.25281518365515,-0.14847917391737253,0
21.91932498724289,49.068081696938656,1.1660711094543008,0
29.74064953730852,50.85199073546592,0.6745963669836286,0
29.834124475479914,55.729024913406796,0.16336717314818716,0
23.505854632888404,49.295027905705695,0.27735484913518704,0
28.656703934315846,48.11475808097198,0.8177373857726109,0
22.77516873322983,51.42543662578077,0.953110882916671,0
23.833733804450116,53.35381648154038,1.1394200972561557,0
25.08427004934285,43.06710314365826,0.7269769788898254,0
25.561492715077634,45.75756204844858,0.3904358085020906,0
27.29389878679724,47.740569135252805,0.34943770033342236,0
20.8735581240563,52.34154996036824,0.6205422074872031,0
26.54933324718027,52.46923498509044,0.19425722924339828,0
23.974863211878453,51.23938465289027,0.6008516456530176,0
24.35142557826939,50.1999046892148,0.22918333968543825,0
22.915932183881083,52.14404854990692,0.4707099409705465,0
27.67878281355558,49.950976464675044,0.18537869947860391,0
25.550581716910845,48.87401447445027,0.61445798592897,0
24.41471318246945,46.752100817349294,0.415751355917519,0
22.495112322245564,47.941249976855026,0.38025549118939117,0
25.902258091949385,50.0386466566468,0.7537457582948659,0
21.392130809046286,54.12660324595751,0.37043841619229534,0
27.397472810026663,46.87544796506374,0.12177536809330902,0
26.70974245871375,54.47813276635618,0.3798300917157841,0
24.833285935953015,49.443838948316476,0.3883616294458173,0
23.06250409536992,46.35126977661383,0.1686050535603439,0
26.9919886505781,52.90673476656921,0.7088849340043246,0
23.839605657095355,50.27323377457326,0.6091139838094266,0
21.99273166500839,55.721782855053135,0.10224121847910311,0
29.61999821141643,49.98294280897339,0.4427025307189937,0
28.89124743823689,50.59190522412732,-0.10920841080134702,0
22.90667565275441,51.830143585653154,0.2042280508594312,0
26.206697657165577,49.499278290598035,1.2827926362788866,0
22.514004367352193,50.361638983189835,0.45171784459382586,0
26.038681697494702,46.87694940680673,0.5952012114830482,0
23.63100919807438,46.57179833167992,0.6206138574127641,0
27.348546458246652,50.6760653279942,-0.28004727420588105,0
23.848320331156312,51.26145863504137,-0.015902195643220374,0
26.660967749630082,52.248317570251075,0.7081019929170755,0
24.19560010995926,44.79264164996141,0.5300016221621819,0
21.85970391152468,52.7876991403374,0.2729312578887424,0
27.267906022216724,47.6982386252102,0.70478073694808,0
26.778673130956683,48.707249634445496,0.6095343035909602,0
25.086823300415368,50.729083990110496,0.6469530612317425,0
26.315839934405986,50.613144148612825,0.315104824894818,0
22.681665297568436,42.54325305317941,0.5215652833758571,0
20.929067839409942,50.38364693649057,0.3262877457699992,0
23.0588777740637,52.98259042639964,0.4790720297919863,0
22.50308560723365,48.861649448628505,0.6959680349562656,0
28.631979802646228,46.52714119335859,0.9763566515370591,0
24.572956509949964,49.95712285897015,0.151406352748438,0
22.98553788195295,48.6292267455951,0.2128976898390163,0
18.144000992576153,45.779866136228975,0.8547281501919199,0
24.593935692736377,46.27750677337413,0.21198189664829425,0
26.159331541021764,56.01034588173573,0.4789685411600816,0
22.285335027542057,49.54431204389729,0.03898337579107858,0
23.21681531471864,48.71430336667639,0.6549082834692567,0
21.34267866170603,47.487282069057336,0.1515115931740999,0
25.217785444889607,44.15217776462263,0.7027500949524763,0
24.59135050487283,53.97791045897507,0.30751403963418705,0
29.174981859551945,49.4468003863056,0.5828572582160283,0
22.91171442401218,51.08792122089942,0.44371086593815934,0
27.44217266313784,49.87177636165665,0.9448699305535642,0
22.26875938459686,44.96512606751639,0.8574539275874364,0
26.551940665605287,49.575459332675074,0.5811578119974437,0
26.111853053191638,54.370700377240404,0.7314855225902352,0
22.829865168976163,52.97180812050715,1.2611706687703004,0
26.800040898557462,50.54964708726862,0.5367950236268709,0
25.518370337349825,49.186325008196356,0.2430113768378782,0
25.709795209360504,49.71019445665115,0.11158873198370578,0
27.190670187612646,50.4357562838557,0.8578392083680879,0
27.120336139259464,48.22900860107757,0.45961084558546167,0
25.860323489861127,47.64194822363526,1.1603265745930011,0
24.66622222723408,52.47353799663132,0.14912729843922884,0
27.23755007660641,50.842142658004875,0.3234278548395585,0
25.0629569461954,49.987481575563386,0.9403067924681916,0
27.85061308845047,51.625644516938486,0.31676118061173525,0
23.391473884654793,51.27510909342297,0.6095291672908236,0
23.99567356139343,55.66750176222789,0.37915029833462655,0
23.690618528895317,50.51851635710568,0.8356537111671318,0
21.50183953133513,43.06009347863945,0.6509471305722929,0
26.084685606576723,48.31961943969067,1.205802736585905,0
22.3980052244461,47.91312037200498,0.16415134607757165,0
25.31189908760503,49.741298824220706,0.746321631380857,0
24.51313711782496,49.62332032079743,0.8643062466942586,0
27.189892982642192,52.99127888033848,0.9163804992843838,0
24.43751342667995,47.121143610898194,0.22225605822963268,0
22.990746014732412,51.31369750949678,1.0981537608818095,0
23.924698813912023,52.746091696135316,0.931651184960536,0
24.762724529560913,50.10024987589964,0.27347513638175724,0
25.483870883276524,49.25570940596524,0.3281285020817054,0
21.70474620536143,48.890291219025755,0.5249686216517334,0
32.319102921939695,49.692260681398615,0.7027421832965335,0
23.895149687289,50.91240622674392,0.27866975264799376,0
24.239023834555475,49.803670822917454,0.5898662832291359,0
24.258487110003305,51.70483304115821,0.08872559104963396,0
21.194159486218734,52.26147490493832,0.47300795007197755,0
30.847271621281706,51.79018930899976,0.41362190754352957,0
23.893943245331865,49.476914087203994,0.3931365398158119,0
24.394815696212362,49.242677556154995,0.030789810024597297,0
24.877569441181976,46.97791299527095,0.2600718584125353,0
28.26356350261629,52.90455660938848,0.11487498095599125,0
23.506975333878497,51.12047617893971,1.059050133534353,0
24.204744917003392,44.82675376988196,0.5533912615045915,0
24.809129074642936,52.543153738907776,0.5148719432625635,0
27.468107259071065,47.10843474306458,0.5314596469548408,0
24.160811029678207,46.07904846974556,0.16549741875456536,0
26.077055799469065,48.31425421354322,-0.3207727104193282,0
21.20386110471405,47.935484992184925,0.6443865742174177,0
23.181932078988424,52.793890014304075,0.5761553042862337,0
25.108197430487717,44.90273766479239,-0.26066799925680983,0
27.80194476650078,54.59326844074266,-0.188372519577916,0
27.325733422044017,48.91602018879615,0.5436804584133129,0
22.89861684450033,46.733785833537766,0.6735016024177927,0
24.028922110117712,54.6593086683647,0.6420656483944404,0
25.462548748368977,52.05519808147896,0.18227845571958684,0
26.678972909165456,50.1819918331186,0.3461082157992116,0
31.462059893964472,48.12277249177749,0.5980773166466171,0
26.047236778960762,57.80483001016229,0.40218299104107424,0
25.501664932667353,50.592884956248724,0.14908630393487726,0
25.291210538174905,48.68617374403979,0.536472673797078,0
22.91989678973001,53.855052141998556,0.6120233591081966,0
27.105379488246918,53.41521362014798,0.31744436743331667,0
25.666603115086357,51.410316409714234,0.5413144617583018,0
21.081381480495615,49.61617021330182,0.44096091485387656,0
22.545355654848887,45.40254012548308,-0.26783549869798773,0
29.201864863197713,49.394449557211,0.8618457393506198,0
23.737561066644957,51.94935067800871,1.0407710403431152,0
29.439856894686585,50.15238496686429,0.5180233635397293,0
26.393282617645124,48.06555955228402,0.17755860287832453,0
25.68332731454457,50.42139690653191,0.28477011857523615,0
20.639758565709403,48.72770805591094,0.7450452536504657,0
25.839019448321398,45.553261554100224,1.0093754390129988,0
24.204415057855012,42.932412278182,0.8990996909975694,0
26.938963378640874,45.13377897474598,0.6573849010843336,0
22.531936333501775,46.458093558516566,0.413031712770134,0
26.83619392816243,46.32116109731935,0.23384199344069684,0
22.173144752951895,48.98034475071977,0.6127090847756689,0
25.36441016597984,48.190346417229584,0.1219388888473682,0
22.762991749818514,48.721927498397136,-0.5885078384191209,0
26.840675152304975,48.496013104326416,0.04336016268547066,0
26.834383673325995,51.56541894587972,0.03774988987912503,0
23.57004976874728,44.75384407145811,0.7082089709910356,0
25.45422159279176,47.14097503828239,0.3273628717754896,0
24.97696089878896,49.03833281161764,1.0865217493111818,0
24.10899284466777,56.00413179725302,0.7380039821587665,0
27.11547380947376,49.26923174568097,0.7668001825961268,0
23.344094080031773,52.107267833187755,0.6308304830407907,0
24.686517220666072,50.35755834137209,0.8859363732676104,0
22.850847179782537,53.39056589423112,0.4568863795108926,0
23.40451243344348,52.22458671807591,0.8087412251546364,0
26.501629607470846,51.62681978725403,0.6094626550633246,0
26.887287458780584,48.950537345584806,0.430793515801314,0
27.999209155288604,44.92576144987643,0.15100838513019366,0
26.657893425756907,52.62766990543738,1.0448887665781388,0
25.353307844936076,50.47245133815645,0.15274170680934662,0
23.73147867210738,46.98100341848264,0.2733432950616902,0
27.994560487699978,46.6195373272044,0.5778901540116349,0
23.991657231188253,49.48049675734421,0.6713495282933847,0
27.132709672850254,46.74466758603797,0.3452787577857225,0
22.726371518417327,47.698474854085305,0.3255953759658524,0
29.09174647001264,49.93345848657186,0.20841144970632935,0
27.480822683547206,48.532157789044156,0.542334595790619,0
23.26449016084923,49.87463939748315,1.1482825794443945,0
22.182851193318676,43.34905868322414,0.4057194927614749,0
24.63891331032675,46.01750948970148,0.24171216605073048,0
25.001362947495362,44.836620777227914,0.9768072081847721,0
23.906408927909975,55.596022986970574,1.3627693877910017,0
24.14548304700251,47.06055550855187,0.917251426743048,0
24.41824747970567,50.0590828412102,0.5363070768239773,0
23.02163552988698,57.87220982797133,0.5879034297531409,0
31.595563143269825,48.37551374005101,1.0352055229812507,0
22.784616994120228,50.03816963521333,0.7085461874655274,0
27.259257262410237,45.47847509340576,0.8551770690913084,0
26.597631947388226,47.2413093257039,0.49154856969773103,0
26.477241675083892,50.9090283260397,0.5936725730239772,0
23.56643745929581,50.7463854170923,0.2224553674082273,0
29.16592358418411,50.779765208171845,0.7116474210412373,0
25.563803649071208,55.16923477071505,0.47945524473701745,0
27.279877142773145,52.48176950009897,0.7772811542611311,0
19.995606331249938,51.81924379830444,0.07335747270141085,0
30.61522215658956,54.99815701080196,0.7525423056794018,0
22.185104306370697,49.862731013676665,1.0804412298254245,0
26.902384887368452,50.76757064750706,0.9858391645443461,0
21.904838637408776,45.68008753031021,0.3797059352796349,0
20.517816212176193,53.18865518575629,0.5020022001571621,0
26.4487632151353,48.45096786832681,0.5867705176387813,0
23.72906559926729,54.76501374377786,0.732183345395941,0
24.094671997143536,46.460581345700426,-0.5516283624176608,0
24.223035591560894,51.04793853339552,0.43545125762964315,0
26.13903792152246,48.60049998207825,0.5218325857164604,0
28.75773947283315,56.56560945053546,0.0577946168079303,0
24.915857914580087,50.86162185550889,0.9291848502031438,0
23.013526695014082,48.48640207269641,0.4599093288265113,0
28.77564639638233,48.77938186993828,0.5001842991722788,0
22.586917268514462,51.58153979243261,0.834478466707211,0
27.164094720585858,46.530106607169316,0.4550871531721537,0
27.441406768460933,47.74573552378402,0.7821873597547859,0
28.680487906814975,46.74619405818858,0.30088668092827564,0
22.70783894833844,52.98234132663591,0.9193820460154025,0
24.830696868779555,50.66351904375194,0.5597430963106004,0
26.708085416580342,48.19169991240907,0.49894657785810637,0
27.60467010240805,48.80812088197446,0.48091350727377424,0
23.257036122103266,45.35609264805251,0.2246541301807044,0
24.984767104805435,58.52357331305974,0.16594098737161284,0
21.738932511365768,51.59754318708715,0.5219512402982119,0
22.917490834245697,50.69388474553394,1.244030004382183,0
24.558718795710185,51.289065807718906,0.5752173691700558,0
23.881669335552754,47.89330936168052,0.5582433146042038,0
24.475932620041362,50.539156776588136,0.4649863957846942,0
26.35308011877285,54.921971916073446,0.5009492804758611,0
25.922953159352115,47.475513354821956,0.859991529679233,0
20.720219803817173,50.685387934103545,0.43051050546055203,0
28.550831682884546,49.43459474471127,0.4931741534475428,0
25.940826800010345,48.00230345729241,0.4892056269120225,0
26.363820606241777,47.3139651022138,0.960704222508614,0
26.93209376132518,52.986917052483925,0.2566021877950929,0
22.904733630130796,51.20650578462075,0.17543270332445532,0
23.58460114094197,57.5099093403406,0.5957612990665174,0
23.88228151063668,44.62464289393091,-0.08253800881231543,0
22.49057919096989,46.38676648240793,1.3508432722129613,0
25.69713695129387,50.3548894015733,1.267587654311832,0
23.421036767895185,51.92853913622152,1.0723986967857104,0
27.405716249218713,51.22564381759202,0.2372237147009822,0
25.5209210361644,45.995948790528686,0.06340209250576351,0
24.177393375317596,49.99941671323621,0.896148298190699,0
27.765810259932064,50.74663271777181,0.2481791311520707,0
27.432762614384703,52.536001540964776,0.8497693452173518,0
26.35898892555455,51.38267527767067,0.8854432020765755,0
25.225856677771095,52.65931721990354,0.5806477908853489,0
24.809693055730374,55.549780609145614,0.22944848015303554,0
27.016068034310454,52.701128746984494,-0.045063678889541214,0
24.87275733790902,52.26611399994471,0.4759146325663048,0
25.245645230550835,53.45853199207408,0.40762405139944835,0
23.417380104961616,51.497421747477816,0.39301324810792937,0
24.09560123129641,49.523627224682095,0.19258228213734646,0
24.95181602664375,49.937519050364955,0.5344849805804207,0
30.633954498300568,48.39371550181451,0.25634422811746044,0
21.792123851708094,52.72757959361654,0.533299685654875,0
28.35940274086673,50.61826927223379,0.5282535750460788,0
22.923083811552868,50.36380067919647,0.049061740560138345,0
28.832619240299366,47.45460974942222,0.7398043770661641,0
24.386481111316197,47.51267361828651,0.5237727450877203,0
26.625335947631484,55.210487524020344,0.3506892291752386,0
27.016134744838617,48.25800256488731,0.05338508478578935,0
24.08593162301714,55.17197975376824,0.1240022836618298,0
23.999054667213326,54.08344677639889,0.49991779994703484,0
21.416665213574422,50.35317029879354,0.6726411226289124,0
29.538908126043786,52.39138013554925,0.3410099680031344,0
25.48739343865552,46.38576735540714,0.33297861047140304,0
21.10774985921975,44.30098635634615,0.37089218680416774,0
24.75118023022928,47.449470869990705,0.6700760121046493,0
26.86223927588106,54.06231714408399,0.7236619157191797,0
24.163557882052068,48.49714522833094,1.0611057486399955,0
29.53721770500561,45.92164576279299,0.5392717973222463,0
24.8796933781506,47.76994233384099,0.4039766671301313,0
21.620049300768287,54.20526233253102,0.9821739933878456,0
25.012329283617998,49.36155407521862,0.0974779489104679,0
27.051355835226126,51.10418812106737,0.4470583517942282,0
26.206789651704728,48.90261959714146,0.3688712134998318,0
22.312950218710185,51.395677709929394,0.4095548837302032,0
25.237342105679172,47.642442034036215,0.5790977384549865,0
26.50729383406948,50.421195427876825,0.7988609208256505,0
26.237490333374605,47.65379149534501,0.5071564352371978,0
26.292305978260746,50.6610529842073,0.3939094089516738,0
26.838060843268146,51.62431506705167,0.5612309912800679,0
25.3086967826851,49.05895982290951,0.12985122762609252,0
23.60459491359312,53.91816699000558,0.4233674795715011,0
29.591217675079953,50.088179843987334,0.05649320294178872,0
25.510906234136723,44.01046906325689,0.914464231287933,0
26.927481774292108,50.46699504469566,0.5619091241530852,0
27.324277533277947,50.8319969927143,0.7701526068214382,0
23.761707361272627,45.84401899629268,0.7899924144573915,0
21.60763516260393,47.80788226885771,0.48284333405515345,0
22.479505400150504,44.62342076018672,0.4242052053358423,0
27.968538049980282,53.01809905174079,0.6092024648677692,0
21.30910541311975,53.86949479960245,0.7933428900865755,0
22.761671336692817,54.456062635065756,0.977773580917889,0
25.950847928796396,52.81226348424082,0.06675321982839905,0
26.232716429047414,43.88487990724373,0.1647592151542286,0
22.175781615473063,51.615197560312325,0.7013485152287513,0
26.207068454133093,47.70352538461996,0.5762888815862252,0
19.398912563585544,53.36510751810428,0.6157706709017096,0
21.79115234031226,50.81468642625674,0.8505240629219695,0
26.132569583540732,50.86874524841145,0.41913866748266615,0
24.05697163263458,49.681013912096155,0.3337541714820657,0
26.122272751590014,48.69679468612252,1.0822519552503813,0
28.64842456830309,52.195430602348,0.5023808928396496,0
23.52418959990838,50.66120134446304,0.8886056750462357,0
27.566660229658144,53.27697465355671,0.39748500984868074,0
23.94472046298813,55.113476203418266,0.8681039525478711,0
27.67199927272405,52.152184692134085,0.5159546412145224,0
21.93989467400344,47.43067839532793,0.7622925340867135,0
27.797635655998977,52.115444494259805,0.8110140209441079,0
27.52717312905308,49.58410161419566,0.22953601396252515,0
23.04298426836888,50.38841898049742,0.10135889148244653,0
26.20059133534686,45.7862961119717,0.654573337948841,0
24.794743916750228,53.82855037085717,0.2690472520457311,0
24.927837027598567,53.15638281630012,0.38929681449527737,0
23.275515149317787,45.657328161847545,0.6768665773975105,0
20.541495085745435,48.45495788982693,0.703007206785434,0
28.06472338125141,50.038250776034154,0.5140802936185418,0
24.05750189479224,48.089337245219205,0.5720622605052319,0
24.595818994919817,50.751990724380164,0.3712409342115449,0
29.794456284499912,49.98558326710133,0.08179690897001923,0
29.57762530803626,46.10994703912644,0.7052594943556718,0
26.234528838940353,55.85700832834306,0.7762955088994676,0
22.47813837278398,50.06674973797049,0.7433804801059563,0
24.35295352484098,50.367294731498724,-0.1571916494172081,0
25.80579906744876,53.153437923369786,0.5708510753977681,0
27.389140811789684,54.23405085070318,-0.015434240697445145,0
26.115829245058343,52.96473190655237,0.40540042180487185,0
29.450423652198126,49.914400097889676,-0.2242479101153505,0
21.8899640636075,55.896832753943364,0.8803593428709782,0
26.94031053603231,51.17706577670182,0.1650780803390121,0
25.865661849072207,48.40827938835883,1.127398689132044,0
24.678121102834687,45.764795561010246,0.44274423776416905,0
24.81962675255363,49.99631770843226,0.49691764645476283,0
28.76018472554141,48.56256926819039,0.3644786097491556,0
24.84268041754376,50.3255740185498,0.3686211509034969,0
23.574284884530762,52.78471492429235,0.33398513966011023,0
24.475422033448293,47.41957421408144,0.8610902298006731,0
26.39061050797615,47.38258743600326,1.0827047298677712,0
23.75121778481784,53.162647415863304,0.4419361796379997,0
24.271750100893577,47.089911627127314,0.2750686818842282,0
25.661582282024177,47.56821687308394,0.4206445689173431,0
26.788272800649036,54.45340971165199,-0.08447356150374341,0
26.82261158719887,47.825787626574616,0.5304079743864434,0
27.140018070114746,52.26845862182594,0.3235489440294534,0
25.112696754207022,50.40703724410801,0.578749815812103,0
24.999658474794693,55.43326192865505,0.8437282781298496,0
25.761162886002605,50.90445637702664,0.6480779068561564,0
21.863402053133285,50.065609756541946,0.7277745662682307,0
22.469196505920436,52.03744503855364,0.5613475363597064,0
23.42279481989256,52.74191263842559,1.2929403072325085,0
24.312919707342303,52.50984403807671,0.44303860659039423,0
25.836077289642652,53.578485909692894,0.6727402835338809,0
28.448458033964748,48.077912894856816,0.3071908375972655,0
22.30114701637342,47.139890241344055,0.342286101340062,0
26.36307633357221,49.87973078139322,0.8129620094158767,0
27.294001203490915,46.63755542990889,-0.04375650648246443,0
24.26395722193279,48.723365798423366,0.6150324176339647,0
22.92778602352979,48.185426722509625,0.6962675626301749,0
23.571970932360177,46.29832440814838,0.5865779159470673,0
24.835993940870747,46.48702492392548,0.10408091448490686,0
23.63558151534269,50.55183993445867,1.1015468886356632,0
25.590011561835276,45.20723076221818,0.16356413975005074,0
27.061955498137536,42.051256935616614,0.2018258254426913,0
22.268564805823964,49.5218753540344,0.9519451900114059,0
22.679019305157645,50.15170737964222,0.8466497498148613,0
27.811643690219917,47.72000105605689,0.14552328002759463,0
24.734484990614973,45.35225713318449,0.1587145716776786,0
27.83647341210017,45.343839312291735,0.6053852464706156,0
23.93097699976522,51.91613329888341,0.8071860633745513,0
28.144626593744487,54.319359330974855,0.21520018014826386,0
27.208489377962966,47.49503710278086,0.5941716491428527,0
23.435137766367312,48.27568244786677,0.44538139143235395,0
24.322540447460515,50.6813129960254,0.030019468125601023,0
21.93699082637896,47.70526154161816,1.0577415868045783,0
22.032914363968185,46.053057435392134,0.4796004168133781,0
26.87786294435002,49.07180674239751,0.5388943601922678,0
24.451307116357032,45.85019936263971,0.42260313941820304,0
20.75930203175029,49.82815659360849,0.7128489472483379,0
23.089560126144644,49.29316000315973,0.8388728963814107,0
22.681835067393376,47.78996042593973,0.3056057572632761,0
28.604244045922798,50.52211471868757,0.4123451542232899,0
27.015875850390973,48.9273896088076,0.4975127624303879,0
24.738348811884002,48.018158730689656,0.6658100420473305,0
23.755822328412865,44.93287280523313,0.17748321809148077,0
23.331623741452063,52.68528890093837,-0.07023917644501676,0
21.093248938774313,52.35220062282663,1.1264106233927929,0
23.44820779310088,52.5866588325422,0.20939424622050806,0
26.071024025206174,48.059291917733894,-0.014284537519362761,0
27.45470894223609,53.06657664719442,1.147670378724071,0
25.062256306999178,46.86447622115377,0.5870622127457733,0
26.515782312520308,52.96313100159987,0.8191877311770033,0
26.33119251141479,49.85599923084762,0.3272121125905092,0
25.541684502443147,48.75091216380753,0.05933231771217867,0
27.273007069747536,46.01508623915039,0.6776256654357274,0
28.16569289901513,52.64093977399075,0.1818862595734414,0
21.54133318617765,51.48408640157432,0.9689223454280442,0
25.964619179284686,54.73530976655699,0.6434852247741316,0
23.908315746051386,50.10004459128294,0.6819086328854052,0
23.14961937447254,47.1229469307493,0.8481580315938118,0
24.112708025153484,46.944102134357394,0.4375208214303387,0
23.591468063063203,55.75113790909451,0.4330054515835938,0
23.88047873732749,51.786636673462084,0.297403903062178,0
24.214356099450477,47.600776328002375,0.4142836660081727,0
27.41872699690346,48.25850545221805,0.6599030562256645,0
25.16446339905164,55.834160119704336,0.7256970652223241,0
26.119694601960678,51.00348510312855,0.359098684495911,0
26.64462580927047,49.123882242815746,0.5677223869658361,0
25.353919039863626,49.543809755871585,0.6337757357010886,0
22.79907177814807,51.40757350752264,0.26242003934944147,0
25.42685666694502,58.33196035482717,0.6310410897041647,0
23.142917892904315,50.017933875482775,0.19782345082568786,0
24.832970450145762,45.61127410520226,0.996673822356701,0
25.21985303649838,44.722428714930246,0.7250676102813244,0
25.772667297261965,49.490826016287485,0.2513707335180069,0
26.226737864979963,44.02741437024337,0.3945210862021796,0
24.34396420133497,53.14239262287718,0.24103121622587542,0
23.322115077886323,45.405083587999826,0.6423320610255843,0
24.19199731496313,48.6514603551607,0.4992672498922448,0
26.15943815280654,47.310683019516304,0.4870397377371576,0
27.82399657112366,56.72157076930593,0.5336699406685959,0
18.861639910206776,48.87273972941254,0.557373519274801,0
26.96133617078907,50.94637413109942,0.6683065559499514,0
20.771452781488534,50.21865246951086,0.23480758265075174,0
24.428163050945788,46.99496380172638,0.6213298590601509,0
22.49578029472532,49.56566140130438,0.36741771883604957,0
22.013297721898283,50.49180419702485,0.6025049778726275,0
24.17509855250148,52.15516957178635,0.11808653449082473,0
20.12752163171414,49.92688741813519,1.0503856422071978,0
23.69122494067064,46.08164064365737,0.700387461604725,0
30.12381540652634,54.726073285876915,0.5417609067191775,0
27.567351658759346,52.27532593208877,0.3011084120394003,0
25.400205213578538,53.43848675646503,0.29331096516779487,0
26.568959539808684,54.29560652325613,0.10688424802135754,0
22.21579575083601,49.47003348221868,0.3238177793694093,0
24.588296092004462,51.36669582202674,0.7311646124170784,0
20.85601721199028,47.290795112841984,0.24303221639549033,0
27.226316382402487,54.7023104530956,0.3438763301175719,0
27.887543662392417,50.80045082029546,0.3232663145391056,0
25.282117530915762,47.97742179622536,1.0665002001454564,0
24.22338185293733,44.61829501018265,0.8289105267039538,0
30.370435294078238,53.28481864281508,0.4001089528462153,0
24.04005437517109,44.99644361617579,0.3895093802772084,0
24.58407331266186,50.36031278103334,0.07886910792746293,0
28.566871733297386,52.6717308570877,-0.27062233017985704,0
27.21768904202498,52.71565605604255,0.06489171574405783,0
22.472636920897923,49.290571574695356,0.4652774304296347,0
26.039985034026035,47.80388984506675,1.1722372768568912,0
25.061064854362513,49.15588556863456,0.5213749963935002,0
29.65536994341872,57.51978516764766,0.6561407042926846,0
26.38658101113372,49.65183301839459,0.9614315107092203,0
26.831248868960063,48.02514115778224,0.6296504909442814,0
21.47620197772607,48.90800666982145,0.08951956753181955,0
21.25533288136991,51.04292776383843,0.28520926292119686,0
26.82627374995164,50.471675437758925,0.5440115698271937,0
26.035571672279964,45.529157018571844,1.003953296601306,0
26.122931511178162,48.96794350870868,0.9396286928948969,0
26.507842751669298,53.31572763384439,0.44796066523523137,0
24.673066759071666,51.335005050031455,0.31812751770159714,0
24.59630797637099,53.59252700171953,0.21197196158170645,0
26.21151244494613,51.503080675612345,0.37883406435697653,0
24.239334852659276,54.15668582148954,0.44640038588080044,0
24.71233146725222,44.6869960609252,0.14303833794768017,0
22.44167393691851,48.32676481463856,0.7869517433756841,0
26.774114081443372,51.83629050547455,0.6819242003184902,0
28.37220797272589,52.482063519923756,0.7373086245863623,0
26.77401365505246,49.295556677067935,0.9861623240012024,0
22.134481354627717,49.30346168325259,1.0625243320053603,0
26.396316213685026,53.17634089205235,0.29632331378273846,0
25.115350963604328,48.605414185602214,0.7026749492503471,0
26.89877508634895,51.43779820791897,0.1728381199130532,0
24.108978388807017,43.77992742861714,0.9142789470441417,0
24.02708975028277,46.71648814205854,0.5199779023494672,0
27.56633268609853,52.57865469244906,0.5698707097083836,0
23.297626225758794,52.486308015751334,0.9582419589163138,0
24.862366130566766,46.22256879668516,0.22248957601450087,0
26.929875484181807,52.89505028544057,0.8745162389475525,0
25.46272701432475,53.483878371810576,0.45729542325589256,0
24.216270653462693,51.01408056174286,-0.3654612553711257,0
25.31795882318522,51.80611845140744,0.4279512040465416,0
26.663972231737002,48.9918539230862,0.13350035181079462,0
25.54035032056488,51.41484197843243,0.6706388440834599,0
25.045153329931047,51.136773724523295,0.3687047708346493,0
25.63263090145773,46.69885533184507,0.2602855325391759,0
21.109979323602392,48.466730468974866,0.8589496488672086,0
28.982303461383083,49.70428094983168,0.5558570067813173,0
23.291029093028833,46.104717741225755,0.5623222877192632,0
26.641018072796165,52.34835727158693,0.8298187982424641,0
24.574249324186866,49.594169882695276,0.7935779660795875,0
27.735790496682828,53.38606196638109,0.38734007517766555,0
24.32574386761427,48.78983069033075,0.31723518153975605,0
23.94459230525644,48.304821580901795,0.2993764552346399,0
27.268901974817997,50.771775085232484,0.04714231400566771,0
26.44910160972416,50.713571674255334,0.08700674919351536,0
29.788268774575116,54.70603967288303,0.5159888847771137,0
26.25685018980031,47.5477784019855,1.3510843109370503,0
25.446065174071983,51.56274154186145,0.32887533957229154,0
25.165696732429076,48.64935739060897,0.6340152861406098,0
27.540249301370693,51.11901549463074,0.5547817277091799,0
24.749885935233415,46.46943634862719,0.8891978858708027,0
25.57927323514103,47.35423413494054,0.6680507950795139,0
24.251329120959745,53.22363608782495,0.2097999809148931,0
20.460681072481066,49.264599380322984,0.0684981164903492,0
25.444333277513483,52.16366240790594,0.802617943734988,0
28.485403474076982,50.71175942255379,0.4401919523000328,0
24.6226754432896,46.64911721257543,0.3551488983911609,0
22.373567773227816,48.2069178792214,0.4408200878817338,0
24.960319528607663,47.06575601143558,0.657177458673489,0
24.702137416923335,51.64150954425891,0.295833512423163,0
21.37003628008355,47.70095097573287,0.10898274371645983,0
26.39566678961592,47.33586585958698,0.7279645199165383,0
26.799478361187358,45.40302236902524,0.7461289584112111,0
20.68438294782596,53.268804411100945,0.6793801966242851,0
27.788703455023466,50.078398638363964,0.4192236486635427,0
25.59701603896562,47.66295906925808,0.14652637564666865,0
25.962952035830703,48.251288003469696,0.4493439643922926,0
26.880373976453917,50.47180750189698,1.0220636568416785,0
26.51164508687935,52.76959117697693,0.9846016780552906,0
24.220476253584984,51.48059401108584,0.9938836840201958,0
19.851340246712642,53.18375040980976,0.820028086890365,0
25.71591588658487,55.93259239096983,0.7065995320973747,0
21.449950747132,50.05397035077191,0.24710055069340764,0
24.468951633290704,54.00238311390724,0.4977500796605519,0
22.55453235370279,52.04557900614199,0.654287634651314,0
24.57517942294432,56.647823474434084,0.5852429093807439,0
23.242872889541,49.31862021936723,0.5325903262963129,0
27.596536579377698,57.96253415137777,0.5220036006294555,0
27.309943675775454,49.56928207910365,0.7621453482204259,0
23.268791906658084,51.025354348363386,0.7197977897881147,0
27.35743153249997,44.01828471142235,0.32839094067120556,0
26.32332729642886,52.96844649919543,0.7955989609798977,0
24.732309379906738,55.16330334534165,-0.03595463674221344,0
24.718006645153203,50.02429849874218,0.5211112698419865,0
24.969845218530576,51.91252512578699,0.3881961992568083,0
26.65968960715132,54.553695326970846,0.9025151396385174,0
22.654790623096826,49.30482151142595,0.37530439086995315,0
25.951649906091486,48.12584237047415,0.04247091179549828,0
27.921843023765298,48.93641845488835,0.62538114211366,0
28.382384423411203,55.48716861806441,0.2868783227141845,0
25.876875415439994,48.262351674377925,0.74231500544655,0
21.546794166882897,53.73365258179366,0.6241536635187159,0
21.568215854560254,51.75973051911405,0.434933545338807,0
24.59535111101818,49.84531500152916,0.39337928003494177,0
21.469585834903526,49.93615825472101,0.5250769873009283,0
27.466864058927822,45.46296873145113,0.3610829714752227,0
24.482039359311685,53.07773847392172,0.41821378374608864,0
20.35334002333491,52.55414732055408,0.8155035386677227,0
21.706686438214213,43.6868149724437,0.8203671981748166,0
22.542901314601252,48.76061188558198,0.7110927938509016,0
20.932035490781228,44.9239368714579,0.21516816556224383,0
28.260375411088223,49.952846219174724,0.4986479475503973,0
23.63692066048529,49.627416123231924,0.38832209159532594,0
25.08319284911461,53.752170001439936,0.49425122171231745,0
22.420862482102265,47.83334300992703,0.13960596242287304,0
22.71876475205851,48.1074238495413,0.7840702080845033,0
26.73545018378559,53.414025268179046,0.4615310753000164,0
27.947115239124567,52.89543018004493,0.2994794765532154,0
23.265231913592753,49.87858925732198,0.4133386427664554,0
22.856771755962193,50.324899196707044,0.4569545490851711,0
26.79940680360512,43.08430035533776,0.43970630249326265,0
28.105899802511857,48.74691881300142,0.4965209290511316,0
23.105953981697933,49.37267924135321,0.5893267486169478,0
27.051157313855636,41.77968319789499,0.5154866352701836,0
20.768098374314796,50.19532828959428,0.6996900616891881,0
26.09985423258334,49.04151621560246,0.22485169426371387,0
23.533821277285774,52.116164249285355,0.8626376523169421,0
23.783993357323748,54.49679663854637,0.6399717032436036,0
29.87862904907216,50.95704596457276,0.5821932017719498,0
25.42906440845937,53.70614213914673,0.03049350501251663,0
24.203038185548262,51.12305875953905,0.4981567117808454,0
26.940430361947804,52.14240340121945,0.9546324133784638,0
23.583350852945898,48.127719927419584,1.0772161357625092,0
24.39182904591317,53.3209977163452,1.0597341180968942,0
26.830951583080672,48.24519967477666,0.05192040228370148,0
24.574236458110633,49.400395308112394,0.8341955172259744,0
24.28596676628,53.58332506263785,0.6511269861081141,0
22.921457264121262,50.15363153020903,0.9699365183873644,0
25.09725550552853,45.43929034699297,0.47273314437957065,0
25.44970273385066,53.20587908341244,1.4608784504159245,0
23.863174055213804,55.15325308776092,0.09589574356160568,0
27.151825274998046,47.21348478727036,0.009277274131489543,0
26.84839817676578,48.401891334996044,0.7461436076131188,0
27.309508046411732,48.26296193119551,-0.2575072284337251,0
26.687118842333216,57.14929656617102,0.6044244547211622,0
27.528608272814107,50.79269134326881,0.737581973732696,0
25.21146288539409,43.78386698899256,0.6476446140843193,0
26.3593966832273,52.49017314147956,0.7027323120988935,0
25.11064933375461,50.90709583143103,0.9701334959304219,0
26.165555562004073,45.112882959550305,1.1575739222711512,0
22.82333909573638,48.49316555639535,0.5984599354427431,0
31.69099236617316,43.77696148716036,0.27068097433558036,0
25.168265594392018,54.37423434839812,0.9520741309256773,0
25.48740129982864,51.89933849681534,0.8753721604334459,0
25.83962092865897,44.05498724510779,1.0863570846830324,0
29.4210960041592,49.89631408275303,0.8365428581982123,0
27.55009903449739,47.53152092572293,1.3565524439030598,0
20.79763167982259,46.846182272990696,0.3884476842057421,0
26.01957788703931,49.901763810947315,0.8163292265216859,0
26.904462804084055,53.77407189506508,0.32710674872279727,0
24.589726564417315,46.12284857974561,0.22221267384543847,0
24.095528548349513,51.151994965232845,0.5179619920264035,0
25.58323410549989,51.67991697430482,0.9434611853829165,0
21.886332666026593,50.44300608540395,0.10133897740404318,0
24.745137976231952,52.34516035899817,0.626478482749455,0
23.989230556005538,51.277952447430344,0.6414271669010889,0
25.40389823390158,51.911904398388856,0.4821110956756374,0
25.376957742678048,54.90266818588377,0.4998699963475122,0
27.333039203000517,44.28976737678313,0.299085258510673,0
24.154249621322425,45.17085316385428,0.8905881648468137,0
22.093663543956072,51.18549005662553,0.6318611832802894,0
22.477127064773498,43.87664994684789,0.681522372048156,0
25.56884005358124,49.71806644314275,0.4251440816446486,0
30.577019822160807,50.91184931390002,1.0845371066398188,0
25.124348347117728,52.2551402292242,0.39919548600555843,0
26.113380237515813,51.73527791187541,0.5479716208583103,0
23.546768224617317,44.95815044796745,1.170019064239757,0
26.54561278814988,50.69189634195449,0.5275381408625339,0
26.66413799592412,50.338715073007755,-0.276918144732231,0
26.904580861186126,49.055935570284696,0.39307099274399876,0
22.200244969736275,50.673282274658675,0.13868587857920833,0
23.656962548218843,51.15753779844487,0.2667788473729515,0
27.924326945228987,48.09533592766903,0.1678305377447734,0
23.603749743705045,47.77400243124075,0.7829031921733673,0
27.92863279450936,48.59717225997403,0.7745286036793739,0
21.225091864863412,50.566395725142776,0.29779341807237997,0
27.176185554010583,49.738226053364244,0.48227942879341335,0
24.325152944442113,48.78527538296871,-0.06969247063605322,0
23.522302074291137,49.7045239750568,0.20568466476383157,0
23.16173367763976,46.046705525930015,0.6921670720262355,0
25.273321562046267,49.27702086534773,0.3650496881285197,0
20.844652312725668,47.39276977639665,0.5160517518031572,0
22.308037446202086,52.4385079743973,0.3051593994879901,0
26.899465486453284,50.773087226203344,0.40296439062735223,0
20.79182245842216,48.00176513394136,0.01760219207564373,0
28.929650425076836,52.44557566660506,0.3618187055310649,0
26.52263055219024,51.95039343351206,0.6537702718235132,0
25.00105935798036,49.40176154923731,0.6994889175448193,0
28.301961305936878,56.53654848232133,0.6017990464438527,0
21.67015592037433,51.27596747327447,1.2004597801293009,0
26.473626776157175,49.03272748507324,0.27501090977240805,0
25.199478348732235,54.087198886516646,0.39268641785713665,0
27.819365328739035,54.440099190743005,0.43336061678422116,0
24.351787358275324,52.03550802176274,0.6204529016042615,0
24.909713797483786,45.34296778758949,0.4029675020446653,0
21.48243080182907,51.811964500135396,0.33922656603106893,0
22.245718756720493,48.412068489120095,0.6238691533972684,0
27.15302850628455,48.32072348682192,0.31259894299403407,0
21.902522161767735,46.000933314411185,0.4119038428507272,0
20.29825781242036,53.39346213864594,0.8174472058111968,0
21.26200472639556,52.68944105519763,0.5631156643272663,0
23.603751747099327,54.82174173319874,1.1095239204530531,0
23.277690289134757,49.93525720903609,0.31799374004836295,0
26.058015039038743,49.667087899412756,0.8747616318328126,0
27.592678544987123,51.89292765642197,0.5446055277155675,0
22.466636688173388,47.82474229516977,0.6293835946767603,0
23.20375977975094,47.62503111217187,0.7705949069543049,0
30.960423499554516,47.654029230787266,0.7677245086717579,0
24.483552194222035,52.27438728254373,0.843355211151642,0
25.62356824685516,51.638828553772704,0.8016288475822531,0
24.164069668223235,51.054789258926824,0.30020350290046915,0
21.15421076655067,54.20986520202543,0.7455521425941961,0
28.535311187119646,52.272683580973144,-0.0398179907471049,0
26.225071003041126,56.349945098910325,0.5843170583981018,0
26.334411550087676,55.21414816197516,0.15448686050218668,0
21.412138184116053,48.21267563007105,0.33411009552007465,0
25.584281393618408,52.69904391509195,0.22447433866907668,0
21.902700907340673,48.368276690396435,0.6248386747841379,0
21.436876552286982,50.56298007582972,0.7108649406132401,0
24.304247491462654,50.07478473014623,0.9801201630229668,0
27.530712284898993,50.877840032164066,0.7669019344359154,0
27.966588095518503,57.37971956669359,0.4935667351408885,0
24.741010607942886,46.1021252611422,0.4163017936656792,0
23.327846102470737,53.830857591761955,0.36280186818494875,0
25.023502889174807,49.474528007604285,0.05467950916290626,0
24.597421949252865,48.496808851799585,0.4101380040837953,0
22.11792991016614,51.965905156429194,0.9082703124965976,0
24.18873917805432,46.49631587906701,0.20850264623704845,0
26.541116977502803,49.06363873007932,0.4672777580403146,0
25.414593810667068,45.05486892442974,0.2794971539138342,0
26.938082190950865,50.79756019770689,0.9094610491443205,0
23.445377682183462,52.301723377065684,0.34310539611055246,0
27.021244957683866,47.42960236149391,0.3392216230919529,0
26.155939045445173,53.25082689985599,0.8367282562865059,0
25.225003381048925,49.27878750496179,0.5672719533211041,0
25.931422815198932,50.926076216287555,0.23473085978733121,0
24.74487939890462,46.433429446618085,0.45697040800631866,0
20.154130201039656,54.148132846331734,0.26815477458658143,0
26.059160143949207,51.47852857298827,0.6447349114475946,0
23.083094351261877,47.44478147868998,0.048061530137743,0
18.096795139968062,56.31243868423381,0.2518201642953607,0
31.027918309975306,50.50125064956012,0.9559821571869815,0
21.91110810273248,46.30289448777562,0.45887161628741346,0
27.27074521852552,44.98385929576668,0.10059752063667082,0
22.48717613889072,52.88399676097154,0.33480882529630046,0
23.094892783581265,49.20282063999288,-0.01673155579484298,0
27.31367812011497,50.51488917182473,0.45313074200572345,0
24.601496720886608,47.11188856257716,0.543856538746418,0
22.389849077073514,44.65764586320671,0.6409351347119701,0
23.234129051604153,40.13958954481767,0.35587236559658514,0
28.164637286805696,53.96057990813705,0.025483248371652112,0
26.317418610175775,52.13174925440744,0.5365770596614967,0
24.711497152950532,49.79504798476938,0.45435556870489874,0
24.979889094348202,49.67530024356495,0.6992839679805587,0
22.82351095298269,49.16019813687525,0.3738682950223836,0
25.500091925418833,55.36747754635757,0.5154381788831267,0
23.25964827818686,51.94790592283671,0.842939744033868,0
20.763316093525212,47.269306434293995,0.4294254452479881,0
25.32285344943924,51.121760788082824,0.43193342890381214,0
25.70447761411611,50.92986399165355,0.13719872415737078,0
26.75942487645989,53.410312397695066,0.5462452343615491,0
23.881743883208618,53.729816080347454,0.21699853244440137,0
26.501486229192096,56.103752284455695,1.2400379864987592,0
25.300013185171803,46.45056011712613,0.3185392380174158,0
25.329908973833508,45.680485618073,0.39006605799249605,0
22.30745401914252,43.85471272064303,0.5600037956284654,0
29.206650675359107,53.67312103500723,0.4316749062757748,0
23.63659232959503,49.34081012691698,0.6549650275258153,0
27.334724958970327,48.97395473219573,0.23315448177415093,0
22.374218337959025,55.27951438304596,0.2903371466571498,0
23.173889027567647,51.81208626403252,0.3865548310688585,0
27.612990507366053,47.58935546698609,0.2609392753250851,0
28.86174897302237,68.5823612273145,2.254864198453596,1
26.81012066773107,68.55854251924043,3.366543755386841,1
30.959656527387285,70.68614425005522,3.178702608907545,1
32.4505211212552,70.78745065899352,1.6459659188397031,1
29.747965166875247,67.02345254151507,2.3263300533329336,1
28.41805379011591,71.60702553872063,2.290865476285077,1
27.670718385269492,68.89615108070005,2.1806677909773318,1
27.073468278245436,71.98510369392984,2.4058018523105598,1
31.22206287415655,70.21587585173789,2.288464281094802,1
27.342992343680216,71.4772181553658,2.863563708061438,1
30.59204894872161,74.53027804480466,2.1243563722194003,1
25.657694583001753,70.32809236237847,2.1224985661982587,1
31.19915106428415,68.75474398759879,2.406419450871792,1
28.490570949042404,73.703816445871,1.7580374106881613,1
31.57900494746065,71.34276735999454,2.69747904492316,1
26.04002909063858,69.32561231792909,2.6665474202150117,1
27.863705279887185,66.68093159540173,1.0441741913662543,1
29.158074345939117,74.14882343178068,1.1621021967112166,1
27.826335038265118,64.76628277216267,2.4785123766991113,1
29.71718320035385,69.01463564201262,1.0398538156152437,1
30.310386645441824,70.91867391249507,1.8789204302776648,1
26.030746139314566,69.83238362269341,1.6942238911734417,1
29.506867631267767,71.74771654771298,1.0014992418986293,1
28.020841216763912,65.44435163433918,2.8856804123793784,1
31.055255637619837,72.18645547427643,2.38104013374718,1
28.522227047738937,70.56632137833697,1.4252501182684534,1
30.91574895770855,73.50882488812255,2.427984792973127,1
28.79738122951285,67.6408396734812,2.84076717111643,1
30.184820073509297,68.51004783608636,0.9089008737535103,1
26.946812937648613,70.63707454888699,1.7947400538634357,1
31.488317304860413,68.83306101914074,2.0817868534378077,1
27.666314489829535,63.70082452716774,2.5005316011430425,1
26.89911208818109,67.07237207295093,1.0321496233286909,1
30.1557532065165,69.47215717621616,2.33954371139535,1
32.36259478837879,73.38171948418326,2.389139689347325,1
24.914441059605316,73.14054788948661,3.1612756528413035,1
28.64388926840717,73.35273635746391,3.607897205191967,1
30.091953565612606,70.38617586902393,0.7867232859743447,1
29.232362133566784,72.02802270248438,1.7239640350434784,1
27.649732015983197,70.55746283776887,1.1496845426869093,1
29.099538605379458,71.94711734198937,2.158697592637976,1
29.54880303275625,70.7694888673047,1.41953904415015,1
30.320564503819643,71.21070462275983,1.7772111131750432,1
27.13530326073036,69.34002290902605,1.797630440995862,1
32.63467603873272,70.75637674906466,2.269088902798246,1
31.820260014615926,71.7768937749585,1.6473464403511318,1
31.406210230889574,69.8709838843164,2.2478731793126507,1
31.35090206718891,70.21415752726203,1.4917570358061831,1
29.594003506344517,70.38801137277022,2.1899550869907727,1
30.778622411717574,71.2369723025466,3.41839871594374,1
