Temperature,Humidity,Hydrogen
37.9010040452314,64.07627161640136,1.1344449123721554
38.562032671570584,62.91876400719971,0.7896922849524225
32.33897250166708,67.7112595263783,0.3731760306707126
32.67392998361052,73.59462625593291,0.24865155046746018
36.72610061420245,67.34555507435658,0.3521208329451289
33.83984567275871,72.33792150829035,1.0916555847948053
33.39849723954018,64.05428216303739,0.1891259680278482
34.81293876658548,69.46455383620057,1.0786119262289937
39.13292733841826,69.11718379918669,0.7973878137861461
35.99187122195159,71.91463267197625,0.38356609446144807
36.874743347221774,66.39642706365015,0.10509820894263772
35.23926011369848,66.66175913153656,0.41274980964571384
36.25460131469917,65.55300577740694,0.26405696079465696
38.02390376093889,66.59343411260136,0.05738880896212317
31.723592393024262,70.7490217015919,0.07879200304791645
37.76904737763593,68.91012119828775,0.8494263565477727
33.58795459252527,72.6512500454968,0.3778921279406714
36.341960345382795,67.69405285603823,0.7602626966273405
34.514147700076755,66.30186284832527,0.5893989523518098
33.632001606536605,67.2295617648475,0.6677326690347737
34.442683450786866,69.07005875835164,0.6649098741396684
31.134700895699474,67.81958905667763,0.15324879678913772
30.49063014951887,67.71807601525211,0.5469709009859366
32.66098379516756,73.89959783284105,0.3371420886902966
35.36896419624451,71.141922755261,0.3729886879510067
33.47687562464943,64.77172256753347,0.05896277299170244
35.25046201192685,70.25617971743229,0.3138581299619852
33.329898336559715,73.35859046438519,0.23383138263364012
37.03429977274752,62.31109609162817,0.5902062176547169
33.881176511018275,69.55518843397942,0.37725219227156664
35.714746693363985,68.65991734352416,0.4016146030972587
35.77197630729945,70.5566296741058,0.49638775177252975
33.65416781538173,68.79194356946104,0.24488157197940746
34.43229239963309,68.613257233421,0.48285611298970454
35.03188806855755,72.80166859898438,0.9917933655727399
34.400669938161926,68.98400224961442,0.4581378826148845
36.354163247099336,69.18862133513959,0.20958920133320447
36.97465867324624,61.56561653980148,0.38924996381407734
36.62727766625573,71.07923788645878,0.6151161523529484
35.2913280338157,69.5487557705583,0.42864628461508547
34.62933493643713,67.55076449459254,0.6552441061490293
36.09379514275153,67.0518176719624,0.1886882522349087
31.656599824431538,68.98948767600199,0.21590064063574904
32.15517906672212,67.77425054572176,-0.020418691555716517
30.038538791262916,66.97642855861241,0.8091438020850835
32.01467829759741,75.0461646630305,0.2976136119601007
34.26691510950667,67.72854862130707,0.3128272783065155
35.069022515665864,66.66912180016837,0.38172239606884406
34.29327257418718,71.25717259604144,0.30842638251918225
34.50967030722657,62.986752057240636,0.38853029466312283
34.13186869248021,68.93973141924916,0.6084685201168036
35.33745542814713,68.51066861919232,0.682490794303704
34.63927620445486,65.82558038507038,0.6333914642954684
32.86227322561363,66.89335782236331,0.8417765924268222
36.324147427151544,65.36431187838265,0.959473977611107
31.288430226031288,65.6929024412685,0.5021973132056172
32.88967732488101,67.21225865677566,0.8539781387946207
33.20021459562446,68.75178857364862,0.5149265639856114
33.45342546758051,67.26221469316437,1.0215115261914332
33.53576242455716,62.42369070599648,0.8964406958626497
37.544562783893404,70.77331150910143,0.8142245270666955
34.313003210868594,67.85801176596463,0.4260259791296472
33.37438649236967,68.52587365731289,0.976042860085073
34.40788171089359,67.34555457854337,0.5816444912558731
34.38819774299553,67.62012472731122,0.7030449605739131
32.24104345524367,62.55186788024155,0.290955287039632
34.49830373681813,69.3419260985303,0.46823385825189767
37.374293534225444,69.4306897694067,0.36112588096112935
32.729466087067806,69.06265384061275,0.40809596154635136
34.56882263881957,66.28983630948214,0.09886132473389952
35.537299735544146,69.85752491870217,0.6723911059634209
34.637470959230065,73.46235616645609,0.5530572496179512
37.22988357936342,70.33764930162265,0.24156663230601688
37.022396587084074,63.86660681093488,0.8027474909532634
32.360889225121625,68.62132574539247,0.6358422083065688
35.200970586618745,71.86771767644896,0.52505163452076
34.795350407562594,66.69511884525096,-0.23524473071828134
31.857004584367193,64.59290931587041,0.1816244401249245
36.529982185747386,68.12750510130327,0.44797519399674046
33.878124349560856,70.1260459831459,0.3000667053491931
32.52673907889319,66.67474886961543,0.19726192236834522
37.792306012379214,70.11618084619872,0.7800011316177804
34.47390249327434,68.09933462517728,0.3430792202400412
30.903723767705564,69.90842763757516,0.5105879557944535
32.88100111943752,65.97979564600287,0.45721816021449485
35.68948657613925,69.9961918736502,-0.0423932160541276
36.14409828940167,71.2009861502862,0.49443346191470305
36.953425668696774,68.27769256477393,0.5734852605784242
37.79666935625335,70.08052250873466,0.27204472757450593
33.92795289946431,64.35884486165867,1.1987158347512334
38.31417768637351,71.70420072312677,-0.32757668954370434
35.110781528728424,66.57235677941343,0.8374467078376736
37.3598975889982,69.86360835405134,0.4021878148181628
36.92297488209708,67.15414361387771,0.9933874029058795
34.12426049531163,62.93417201189486,-0.2370568008849916
32.0553121251674,73.12756410123143,0.3068162404295445
34.80371617253626,68.24870093868441,0.4168214278246916
35.65833048553169,69.37485622517643,0.6596742351603156
36.16110895126306,61.22469148698591,0.30417981424653906
33.87513323466695,69.21631979494083,1.0576390013392045
29.579271063080718,68.99546078230779,0.7823431264276146
33.1213263668094,68.01468868029723,0.3472205922377708
38.951827531080305,70.05359723332664,0.47687427145353095
34.589344789445626,66.85102879532549,0.13192697984060392
32.02367554561003,72.76957534651102,0.5697134651085369
33.09478787416928,64.93813472090929,0.7493102060294171
36.41123215771855,63.76957133385526,0.43200221246828596
32.17138899679217,64.54363213816703,0.6598949638005122
36.55718014467615,67.43593992609637,0.39972190905530985
35.48283800576101,67.74414954300619,0.70748315891151
39.74100776771289,67.13246835446807,0.614879642191681
30.625597675377296,68.47724443259291,0.060119505561862574
36.551838173052325,64.14443367934209,-0.023437242811092496
36.02777904583761,69.71045670606897,0.4427074734323744
33.70855782730795,74.1158970256822,0.6801898612980997
30.87550472658419,66.77141865938617,0.5266152758515621
35.76971601497815,69.44643339832001,0.18162817669430292
36.568217104837785,70.16550612203149,0.7744529525610355
34.285949245224835,65.62893753959462,0.629225332456176
34.02427607993249,67.99208922595498,0.3871701231856408
34.60722324680544,67.68176518748369,0.17327868545911307
34.899962202969014,63.71899668739154,0.8616767026667789
35.04459099648121,62.81853105370333,0.6171443497292383
36.497822574606,69.12655198477518,0.3184440791255692
35.69294775701124,63.80921616402762,0.5814073861115592
32.41369723572538,66.69497986636945,1.3977661626563624
34.874584269226,61.476824262753766,0.2949574011175723
36.7545877463724,61.28857680134464,0.7190811355683197
36.37848547841566,70.08634523084388,0.5308484480169694
34.03074613016349,67.13107102110652,0.43255910032747047
35.07932514565634,66.9898510664495,0.97099403877154
36.329620277097575,63.00296760663048,0.4850320169469974
32.53392778071711,67.94869019829804,0.41622738010581306
33.952215406901686,70.02009518259752,0.5770302677673277
32.721106522108535,70.48527316449969,0.3329896571631557
35.10381267415775,66.6108447920099,0.3565913569372211
32.918215788669926,63.16437098214227,0.5441957606854734
37.653663647864406,62.94461239597773,0.6191070177747606
36.054557584638445,66.68197354596273,0.3265745453779512
33.305695316626725,70.15925622782305,0.5433635828965481
37.57101772644651,71.08319068907576,-0.08602950167986767
36.037435034363156,68.76292050636975,0.3287336895794609
32.85112371025311,61.52377122864161,1.029582177666393
36.34334831307933,67.96999576581472,0.7349397149464663
36.026825373630544,71.4782636323131,0.8110852741067137
31.21625117028778,73.72193592746557,0.4847997280908877
31.834435901162216,67.43243983279953,1.1298508859430458
35.6725094576409,69.94189834273399,0.2888728228251852
36.854947719950886,67.83096024216987,0.22295352128497903
34.402899063082835,64.88342281271322,0.2742403861552149
33.254270578592326,66.03595538694715,0.4952000041947849
35.41999586108745,67.7391457440361,0.10054384754841028
33.464701472266384,66.93385633930983,0.5222298921816988
32.8521203500207,72.14532368505914,0.780260697790802
33.24239754826049,68.8484931823734,0.2916651098278502
35.24196583594737,57.584970569252896,0.659303065029492
38.27055593880784,69.33725278101919,0.44464650654649945
34.903182646918886,75.73336095729472,0.3598944565502573
37.36598441176854,69.52734207968601,1.0725931447040886
33.227812351224465,64.82561919330611,0.3601645534920471
31.8739192571973,70.07300925821474,1.0843644319103274
34.866539664899456,72.21987598770835,0.3450313984643698
35.68904463412583,75.97080394029832,0.6402034360630581
35.0556642564473,70.40111740744686,0.7100087390772035
35.264658468861825,71.31996038706171,0.9205427537110498
35.4446490882666,62.78217396317639,0.9691866457442739
37.08406719621644,67.22829916415395,0.2779394797601558
37.74222418814456,68.82369904564307,0.3901713538204632
31.39787853616821,67.61088531274946,0.7727542675674892
31.48804317324003,68.66928397925068,0.12876563483242542
37.407747717581344,71.13933064730182,0.7160308207710191
36.435031674847714,68.28820187600256,1.0720993329607444
36.42802235703552,62.87496241681421,0.5369650442296006
37.211788330277265,68.5816534525249,1.5061444124119499
34.691209309291615,65.16313230474304,0.37061605496628547
35.693897008197084,65.3662602858873,1.0962374390226723
35.08983061014343,62.06169615773045,0.07225533044780691
31.5280136974588,67.1280023742828,1.3820485168464631
35.01333538845736,64.40384613894942,0.6123709113613058
40.42750524100489,63.84782002010248,0.6306678237160543
30.929347715346157,66.8481229813216,0.4669578325302235
39.92259455543293,64.2427836598318,0.2558790259320902
32.8511686192938,69.27422859084666,0.6323380902418405
34.85971092768631,63.88964720713554,0.9779198857801799
34.32909542360749,70.59819673034536,0.07614873015188406
31.149679443444985,67.54565141750273,0.5710274261556444
33.678905236195945,67.66545358107079,0.7410669841676505
33.62761745171907,66.12379895172874,0.8795382620972853
36.90550204022306,70.84301386022298,0.6178990358822455
33.3687790695527,69.68109216395331,0.37394158609811323
34.21771169689724,64.4606908241066,1.3443149404031463
32.83427602476915,71.49664363933931,1.0734274404801922
36.20241993988107,65.67733034310785,0.3830180228573833
32.203455542058244,62.542538155474695,0.5232405732445784
34.344935319776674,65.2535968744704,0.3558595116166739
33.181111867743006,66.89036871123068,0.7143095949258766
37.2460994121188,69.43830840938729,0.8583233710719596
35.20098692827365,66.23311345102142,0.18601054051584198
37.47117987109084,65.537081433315,0.42233687831289984
35.68396425800969,72.32829842549218,0.42300699675026965
35.14135529243735,69.90631558399464,0.8102638440956826
40.90239719851723,63.61772744719052,0.3774291117929711
32.608605202056125,71.83075095260561,0.4853589352743405
35.97637167957145,65.83474615595802,0.5068810883664399
33.02522554196723,66.18343521951017,0.3580122925431264
36.8721946072003,68.38332975484309,0.08460851893346744
29.889136814712153,73.98967153575313,0.8473532362656399
35.63525179546708,68.7635938815496,0.189620533596561
35.29662105751805,71.01161240850035,0.617781298443041
34.53556965564675,64.25739021459931,0.5301143383845255
35.34210711417841,63.633650894456075,0.5486643585489068
34.685467261131976,64.88425544101726,0.45174863952338457
33.12784056761686,64.54295141681206,0.19621479838731742
34.045463390662704,70.0173676955898,0.9194616479309528
38.70123516569943,62.537807387602,0.5960778349207574
35.43528050469147,71.07205769316124,0.5011735005094211
34.456810495135734,69.56172579295018,0.49909150973875294
33.993804186479586,62.73689040999126,0.6195330999539596
31.730041974363754,68.60977543064378,0.6182422388488016
33.887920704398766,66.81834392584186,0.5971185445841101
32.437411442141006,70.83654272724274,0.7909133975736394
36.79259558224235,67.88563095286135,0.5805512296802232
33.2439302217839,67.2379320936899,0.7052895544539406
33.39321726233194,67.60819240811452,0.5296759766482076
40.338500556518575,64.06154949137179,-0.20881593128928455
36.57732184654863,66.08701352858166,0.5028953301915606
32.86951423395974,71.61269830830527,-0.08012122563369672
37.89407024357237,66.38729717282743,0.597888151245075
38.52447092164863,64.83913609695269,0.7583325182242475
32.28766080839149,73.21434891082015,0.19317409147678566
34.731202216692715,67.71750717489691,0.5080254179598571
34.83369718365775,69.80739794963128,0.36533751155311955
33.19932636704032,68.00695961355906,0.25501045503092956
36.49532529953626,67.317171042009,0.6924739357513389
35.2821102128532,63.33543925341989,0.4983508698536132
34.829773296473064,73.31311138712752,0.31080717052940054
40.54339441514348,70.1449612846998,0.23072886566394768
37.29322710258053,65.24882628120723,0.5035250008448077
36.57423783985303,69.76847233672203,0.8752102556747337
31.255333153037142,64.71728690530719,0.7499756479228608
30.622972161841382,73.58948141576658,0.5390766905190557
34.25926348494792,69.94423783452345,0.8369790292295451
35.78310315993571,64.7043910007751,0.9984943054925595
33.39895078235376,73.16218789783437,0.7114018609283973
38.63002081285866,63.20218095467796,0.44457311306081126
35.890547200818666,66.2898658355322,1.135979394318815
36.144757907402656,65.58183542927557,1.0126203322163758
34.88733842331023,65.89352992350247,0.9194481520933282
37.681828451730645,63.23209315105306,0.6265749149187614
29.99076509236519,66.43592571006431,0.5156833232527678
34.315430685913135,65.8359929874676,0.6552661229689932
36.34533717821632,64.52374467398587,0.489147173499839
32.902057866802124,64.24836498724183,0.9965841599644971
32.897424497740495,66.66345515061985,0.9619950535587938
36.96747573280049,68.49075204701755,0.12159657633269472
37.422906435648365,68.27736649572401,0.9183060739511786
33.31331410029885,62.41947392357475,0.4200356768523143
39.37618793401338,68.8014606323478,0.5186491799714674
36.387348767967694,70.18912543300749,0.33589143647958797
33.93594622633275,65.85175121813857,0.5517802154841872
35.6025844407603,66.7830263832608,0.5174382552253824
33.673709949659425,64.62839895557383,0.27833084313467304
37.38021174849181,68.90156914992158,0.5537656075204686
33.43151073238323,61.95325680250108,0.09773531432537358
35.2502277440506,64.28253157458765,0.745389402111994
36.359596796901066,65.56815772534307,-0.5347387898018319
32.77755044206962,65.75870878176715,-0.07116574856352764
35.78717168517837,66.42365786404429,0.8672673239197994
36.222187468279486,64.1902699103746,0.950059809374441
36.38794310259535,70.10338272575706,0.028943056841167547
33.9231329491798,65.15028850771876,0.26226832077678675
36.41604264975636,69.83964995108931,0.21847107415621003
32.6406452650684,66.96167659833125,0.7089720114801014
38.040721008065965,70.20268964174937,0.6573379672682704
37.57602850143634,70.28988925991712,0.8042136433170777
36.264174455444774,71.53905843024849,0.6295745079990019
34.40545253408468,65.92799144447352,0.48601742567785555
37.23142441218856,70.99880343748781,0.608037821416417
34.89376905628711,67.80786427429103,0.47665887324504713
35.59208418776323,67.79664386933621,0.5396844103249512
33.954725313829385,66.16027797770441,0.08348422244882558
33.921550934442216,64.96260888341634,-0.003076395485310246
33.39095383656172,61.84222617776739,0.6038343122959875
34.76389286397256,71.29984854434963,0.42840976192954205
36.52063235828554,63.06346175967782,0.19188356763897513
34.069929333056926,67.39989381352433,0.3700568631018365
36.52918957520246,73.17150171348615,0.5534877283450359
34.63783706551376,63.451652185203045,0.8465714572465401
31.361206210210256,70.60364212488717,0.5348425917219578
32.31524891482123,68.1191212006307,0.5108391914594127
34.873064665421595,72.47622703818084,0.4218378404459835
34.81060713417898,73.11973195607187,0.9612963487785765
33.86859392029209,67.39650369420507,0.43668644003281243
34.93698173175417,64.70568600336969,0.5157028735612148
35.00952960760462,69.17653567865021,0.0072852861572788585
37.34502571244035,61.568474844043024,1.0386785216632224
34.0528943788351,64.68515024605888,0.4380790844187626
34.376526924296066,67.16241035286367,-0.20326939318975723
36.610682078303476,67.29880194489611,0.1372341301238812
34.84995569366797,67.56035670378975,0.745569133631803
40.068592626204,68.81132990523257,0.2971335063220306
33.20778261012318,72.20590508431914,0.5600414379878282
35.16001762858345,68.09558569449783,0.04026543266815408
36.290539793135785,65.25596755462279,0.6609014079534584
34.834727812844335,66.91378375234434,1.0509798241236195
36.984292478126456,68.1930040909928,0.54080384390981
35.42199336611709,71.68785501290884,0.34007060341904305
35.863191902661676,66.77071843733657,0.194523410946432
33.67266789349713,67.08078322522684,0.6121762208408819
38.95723502351357,69.76062547700388,0.8637589940488004
30.554974590490396,66.420775658686,0.5769237639626543
37.848521557505094,72.08858955166833,0.6915215825641131
32.55049678240792,66.85523354807312,0.5750620171266853
31.736756159006084,66.37430015697163,0.49924752111287024
33.7777679393902,64.45973053065146,-0.2623754876434261
33.37785575935175,70.32882943837984,0.5362431626465297
37.96296535781547,66.79179115162614,0.4808656546065
32.37247586628769,66.2343471394868,0.6920714007680164
35.35397454825452,67.68464970883855,0.6752379584358494
36.83808206239303,65.02672632051414,0.3588174466456117
32.74755135873061,71.01726646500724,0.868833934393467
35.33746557377847,68.70187436143573,0.7116229272698952
35.14413728000492,65.79012383727722,0.3944220555803507
36.915051170886116,68.32702936998743,0.5774766640491942
33.585782257006436,68.87327847345122,0.3797558058226677
34.30987598745248,65.76103588880889,0.2511681482857089
35.96502161747995,66.94300229804118,0.6027798523791674
35.375309528987884,63.02275242291795,0.28265367900178606
31.732278239329393,66.92199980025205,0.5878982690198873
35.06155598300336,66.69350430905125,0.6395338301995444
34.26522903496159,69.23344971766126,0.6771596944544078
38.64042292693836,70.15044091765478,0.4913000463944624
36.04481564574576,68.1722138445066,0.779129225084606
33.23488623979415,66.23471079391702,0.802661845412489
32.985317264199644,68.75344071628203,0.48055630609476446
33.884706621808085,64.11525284985149,0.3594048039199401
32.72176694571592,69.19579703181833,0.6243371297262392
34.890073571438855,65.6573607198398,0.5789378030890308
37.52056392843601,62.177597355358046,0.21429173603195484
31.871667614511104,66.97681876242815,0.4270614217140534
36.11090875723279,57.24789031001234,0.8135907911414504
28.647943643941126,69.93918281098158,0.6652758156798995
33.58050360328303,67.81412944842148,0.9557258828741055
32.81438404517425,64.91652415084374,1.1049859938422735
32.290500517911184,74.49199633781683,0.9655541070543846
37.02821450527625,63.263547300055286,0.7446360912883673
35.63778600204185,68.1348465660896,0.8195490307787581
32.71824045454663,74.24296108367061,-0.2946224579731903
34.21064366865155,67.20618220515429,0.6791836993187992
37.450169297835735,67.04991921597266,0.4883408344068579
34.92745308527778,67.89305278273413,0.6588907219336705
31.751136490835886,66.70123755503786,0.6606249104064112
38.067900143322206,64.52077108666751,0.2549265797244521
34.564802744108434,68.8634021366627,0.3388033206160347
34.72372670247037,70.4554045058697,0.8406960418384011
31.66262962759638,62.16003933673072,0.4777709628305497
35.96494266888315,68.66647876499094,0.6874607529165109
35.725507111530305,66.59867394110003,0.9100170048506908
38.29004351928133,68.17979558591202,-0.0657929471197739
33.046368500452296,70.81587445712915,0.1554341570220974
33.94022107830508,66.47991792083799,0.14845492616970152
32.91893530941381,66.57088019176665,0.7641805593307902
33.708511982736084,68.1637962682293,0.47388443663015944
35.602185668306795,68.01212430239414,-0.23764841919667434
34.117353613847214,67.26611035041793,-0.3924518069773858
37.41879502387228,70.61594605690509,0.09990047212051933
36.29787077323023,69.64035112011099,0.628583766726023
30.82707128216849,75.36431479276645,0.11972035092068706
37.47156762929285,66.33132702941496,1.1011706555175047
36.79381278640933,69.03506379043448,0.9798858230066025
33.3468187058498,69.17903541516554,0.47743658286917684
38.18859058642782,67.09345143698349,0.5962064671907279
31.0175451847587,61.114833441246894,-0.02955385982958647
34.375126087681075,71.34800506137788,0.2553044226231161
32.73754262297237,66.6651355888558,-0.11968596034159074
34.47625891925742,71.28364401972979,0.8787932036928197
34.96160314857084,67.02622939637465,0.6530668478861499
35.83967598948935,67.56600150926252,0.5896056889674283
31.15952468749562,64.45064994164012,0.34824911304832407
34.89762254513363,68.10391580125341,0.2393715382088462
38.01336364876119,65.52308624674491,0.3425289133897336
37.70377263559194,69.62947753346096,0.9396527423148264
38.426208517851464,70.42765682114309,0.23845015147570836
30.31751065347135,68.50087564167696,0.755133686201293
38.835412716097636,65.91418370219733,0.44666407186576484
33.118944606363854,65.41780033474191,1.0043723409091903
38.733878500380484,67.59894075494582,0.6604774913695248
36.8851373229904,66.97851806300808,0.686919174978113
31.304099292346223,62.53649302820373,0.5838724460952848
33.417458087894765,69.42987292079881,-0.001768515112654856
36.261052523843524,63.97110230021767,0.6951692539392688
34.02942056776821,64.21129919805068,0.39360712467432735
36.20885149901241,68.81421628003083,0.5744833237622188
36.92506190986452,64.67612630630695,0.4606297461893209
38.16284301723765,71.05304394303079,0.9270842536342098
35.91952149064947,70.97647043787292,1.4814326557688275
34.10293889285823,70.06801265124028,0.4729378033998114
33.437935036493684,65.67076709104941,0.3938263960376135
34.39923727611537,72.06904977467256,0.38471862768087933
31.893478262669465,70.83266762857882,0.8967407044909039
35.6694621681187,65.305915404599,0.2331209864456243
33.62001747196357,66.9296965274759,0.7062321063460263
35.6297896520282,65.11416658013171,0.1278228819746403
38.97060908392291,69.60228324395605,-0.3173255292405107
37.31728985181461,65.04017542709222,0.2973392947119987
36.26098906499247,71.27043473963329,0.4815350687603258
35.1771918507761,66.78461089827546,0.5871871306932999
37.266952703520744,68.12111314597712,0.35347412398212824
36.233140569720184,69.41406987719805,0.304935251239171
38.36878544884607,66.26669826935789,1.0422788649381323
39.08120332943536,64.47573426315299,0.5810668472679741
32.638487648915984,70.70190117102386,0.5560807763313355
35.864890485133145,69.19636379626263,0.2756993475836511
36.15534441715026,69.16474966600047,0.9244683469666957
40.13676762100911,67.17447073042885,0.7112505397072398
35.841508991788594,70.52047572051323,0.7261066252876782
37.477320006888554,69.73005747589303,0.8884408143589837
33.4580097255687,66.34983423916933,0.8759032598242732
33.16044554668507,69.19731724923035,0.24175731381498972
33.59819080024051,70.06790226907144,0.4284799825958211
33.503561774991695,71.216893922004,0.8389781388499786
36.236534895638954,69.97518550184243,0.3183008355630365
33.00933569860897,69.12007463130448,0.35122844616783927
31.84392878580529,63.16188892538962,0.4447588611430363
38.23067247113424,70.55658459802775,0.6595541755167489
32.80477812753548,65.90201834892251,0.6150880458870445
31.127630651650414,66.82205071195325,0.7306043869025252
35.907566529424024,66.44840230266205,1.2858510706128152
33.81752539163176,69.81100879092587,0.15306738640106682
33.53703807422393,67.46043504768262,0.5667858745949583
39.79926699544648,71.43905409197937,0.638045955244431
35.88125120479975,68.30055442985248,0.6897437829658213
33.59114056420839,67.40763527384051,0.533182398513957
36.58730655935632,68.80714746897586,1.0178066484917099
34.80128510449292,64.21963424197979,0.4847016966237224
36.37350198730201,64.63825468202859,0.5997979765633517
33.877479372425114,68.04179274657648,0.7304297320405724
34.17911856285241,66.57183682290095,0.22372826616350183
39.59004482495245,68.47732284351376,0.843425933330293
33.991724627629836,68.86395140330829,-0.10138073532838143
28.73545025776811,73.35499547424776,0.7020832781180641
33.58439368225285,71.37354137111721,0.05838154824623021
35.57060056682933,64.84890049200123,0.4877948892207807
31.06304417651154,71.62247790849511,-0.0008066676574461917
37.25267097338226,68.36847027196919,-0.12779175175975022
39.538373993525,67.28828606795618,0.712126678727605
34.52939451403273,64.55304398164353,0.1626343296173231
36.65899357443887,76.20816655361644,0.43547518238943944
37.075966554776286,61.66810710136626,0.8040157370216436
31.51927641226898,64.52709405934729,0.3479941411591202
35.02433555135723,70.95261954046137,0.5211726130674016
34.606547050750535,63.37023925227365,0.2843546552311298
35.91977629109125,59.7231734213288,0.48831833757146714
33.66918266605249,65.50438171100006,0.6219828625640496
33.461797500200504,70.4761641178061,0.2186446002679771
33.4699739955648,67.92602305604103,0.6122514940555106
32.95764748543532,64.00260857948474,0.46563317577734864
35.8215900654812,65.46847020834115,0.5189138804512561
40.44448636634803,68.43899796213039,0.6300224560710066
34.46004974998541,67.56933075027611,0.12961684471748625
35.71833122286663,67.36832313139514,0.18035052639346044
30.986432546324266,68.2172294115722,0.3554333033824585
37.642002084454994,65.29426557203769,0.7202663103884543
30.379927246133278,69.95368327354774,0.05144939615759253
38.07919378626688,67.42349957269207,0.013672519749996614
36.97369284050536,72.9933149566978,0.7327540752481287
33.259970642302505,67.50615973951547,0.2798267333340242
35.5161586088917,66.93988346323718,0.13193332268125357
31.40948318169685,71.31650373401745,0.774819800689736
36.76983241310484,68.63266223923587,1.279233970114402
37.8341861624134,62.67689492872813,0.9172896570798559
36.981124877384275,70.08151720492398,0.10486294621981185
34.197136902042594,66.06376707793054,0.7818749821168747
37.071677854193105,65.48073853201596,0.8302250984274462
36.97391614684392,68.303522399492,0.47885107911421604
35.64828818140939,72.08797135820637,0.2507992771724558
35.06234855108573,65.88677916412028,-0.009741236441592527
34.73307086668495,71.26030261495406,0.1710035338709468
36.77212242403249,67.66751786712317,0.47426157278522263
34.0120353993037,67.63120881072054,0.8716129011345062
33.067975442538625,68.70473353523273,0.9101396672953532
38.29737190860447,68.13275552150826,0.340845694926764
33.70566263435641,68.28952226102503,0.5198099315635604
32.650328758503434,65.53884847024462,0.8614301071372719
34.37889598160483,68.8574694121181,1.0838736987160171
34.948051130334804,71.63806079048112,1.0104410602623193
35.68565589319953,71.58090503061409,0.8688064568840166
33.51082968433754,62.46233040218794,0.5628237425604399
36.5250141573779,71.32734328316215,0.34927359214878007
38.58913081788595,71.08827584485539,0.9130360253279088
35.02029978709075,71.33422382350625,0.2786689328972055
34.498263900448556,68.28826608523322,0.29223271736360523
34.05252189092468,65.9721953303612,0.3699895567887251
32.169624678420945,70.65859865624394,0.022808063948479562
34.64146783026584,67.34244697154232,0.6131565945777128
35.11234022381442,71.97590633415628,0.6971750930698775
34.08762389300265,70.05861056337557,0.63119978746433
34.20512969850788,66.88938127563834,0.15594522502916547
34.007710403039106,68.16627051356349,0.1038534857079631
33.97415098082924,70.89673092685106,0.736396517083164
35.63463089069482,67.62933682870323,0.43969533250138054
33.639171884375024,66.79637036058715,0.44393913373206245
35.17148316355618,67.98309894461481,0.4472162341456678
35.87643176029953,67.9531177441179,0.2945600872982411
34.538889719458716,71.51059221280143,0.3784596255941661
35.051686821163855,67.42459166535971,0.1568027903201043
35.313150422398785,69.01302407326018,0.5161060012409313
29.596420110626585,77.3830353592564,0.06977559960097718
38.68595057577235,71.2301442133962,0.9419645580936202
36.558724566618814,69.89924172426439,0.44385928028291166
36.526362346852494,69.4316533563153,0.34733924627528645
34.06834913252622,72.10233132128528,0.681718726529954
34.741439541620274,70.08635459363569,0.46540499440605076
33.48870214927677,70.64113326273721,0.509401668626192
32.5607957105329,68.5489493783343,0.7182770872318679
34.81689337720972,71.21323876320265,0.6335372238540281
35.817019735368184,70.24727772413405,0.7504414164026829
38.352781682427235,66.06820478228627,0.08572142394343235
35.05525011363511,62.18730942145627,-0.07224541982994159
34.41671567895906,66.76450679921722,0.59235066681
36.45311859032714,74.33355108196042,0.6237225660874319
35.23425456030436,68.12363816616903,0.570490721827561
36.09061435591755,69.88950228510387,0.9134406932548303
32.526081769919784,67.14252992996893,0.49426700849361016
31.37168638411497,66.30283752133441,0.09381796870379477
36.33158704979118,66.31962375327042,0.8948644062989349
34.544576987202824,62.20257766940886,0.35757629816032643
38.37732674023054,69.07329737553388,0.4002793340424636
34.06493107483491,69.92622078585386,0.20611531362646424
32.33221085988871,66.75956013699187,0.6828888071225281
35.74674266495917,71.5653681838944,0.8638890684754934
35.92359859988298,59.62200138294939,1.0759198129248149
33.91223032991967,73.7601351793036,-0.04214947810816838
33.094676161856796,65.32620589371555,0.6384643926730833
32.07634701725383,66.111067356937,1.0798930589705409
33.088362327526596,66.98870606337555,0.6558017256966504
37.700877488493035,73.82758900306013,-0.25669713709500463
37.55741197208452,74.0287799533607,0.409562446992379
34.52572909682215,69.9440282087228,0.5180925335798285
35.53357605615794,67.1626277140864,0.9565944829812422
30.723235904206287,74.03378598034942,0.5855212523191902
36.68107172876529,65.04582145637792,0.41852053512885934
31.86615188153429,68.20905188846895,0.29895480098025784
34.85275583868844,67.42303808330676,0.5672117563991611
33.93810327899295,60.43868235716149,0.5351597981475438
38.171144588970456,66.58214315538139,0.6574003864606814
35.52859116255371,70.48305476357322,0.6670323590245223
34.956878011473485,64.4308679947977,0.9742330350698589
31.97411678070233,63.54378483187262,0.26197020391724635
34.05576298741947,65.54309212615458,0.1515862850572685
34.27669347379707,67.78501678611585,0.3621852878487718
37.13067935182915,72.25242380197713,0.8012221950590608
36.855769870975436,68.1057716382562,0.7440832661858028
33.710274301109195,70.02833216043437,0.510514123413909
34.07733353340902,67.21905224672426,0.5333660855378691
38.254440218265664,68.48186336284685,0.572215970274675
32.49218816786581,67.8103366595115,-0.034005081114976576
33.86668696284448,67.04658956290062,0.03789123190047533
34.27444460494664,62.30478134812819,1.3197438713222711
34.77357120711055,72.39503944295805,0.32386556433852903
31.39304030487881,67.14030785862579,-0.11652867654960664
33.14055811929624,71.65473142303132,1.2906744252760478
37.59850791105437,67.0624589901709,0.010678006683900454
30.196879480139092,69.63490712984162,0.3363169719589447
34.70407432056732,69.67609273890605,0.8573777545978021
35.81976495158348,65.62588260955356,-0.25259286246636137
36.213645185630696,70.58967403966402,-0.5317564383673627
34.586457110549674,69.51069944979899,-0.028529963830708382
36.429891152913065,67.84145633829571,0.6083733127332039
31.97597975273052,67.04092648713026,0.6522591504926968
34.69928155974617,65.34596668395498,0.3958936695999741
33.19591722001816,67.7700354116549,0.7354324336141284
34.03715364359066,73.8641277578343,0.5365179158781598
35.80303861283017,73.22062623051961,0.4287924059567074
35.98510070236154,71.61481860972587,-0.3154489596855977
35.24583196760609,66.791856262541,0.6804228845886364
30.278667618815135,66.34804495286744,0.8822465997934835
32.541740573474335,72.28055783258421,0.34939102613422734
36.22169073324332,59.85882561650538,0.22982254508036365
33.58196005625793,73.59940619088297,0.5312454673608726
34.30139585856445,64.26499538683915,0.5073438566796536
35.41251941321406,64.15858861745484,0.33647787203821194
35.72463937541238,65.93512233521686,0.9907060515493078
39.04090184557475,69.93136904394785,0.7296667542672
30.412811214215257,72.83241691858689,-0.07893809114063566
40.10615790196626,67.86965043273878,0.6464179519558292
33.713337970998815,70.83699306642767,0.4719944986088282
37.42495155309131,62.38910374445889,-0.07965339689131923
30.789097453861178,64.8781941672247,0.8736639678121306
38.67913850432943,61.16619611428973,0.6045803520294446
38.15237420629706,69.25003366294882,0.9850238805971928
35.87273586034273,68.35115662248923,0.1418632436580285
30.237638617376916,71.02449535412768,0.44573509449804105
36.00880185653797,64.45311611874402,0.4649519312519948
33.95805839916452,70.53599345496582,0.13135365527093268
36.06585447490812,64.28641795895594,0.9187116421048269
35.14529343750265,64.33522762887083,0.21916539260101658
32.80362114032228,67.7095957869516,0.5970300204805771
32.63296444271908,63.90874771775272,-0.1527833483606602
35.36688602046392,64.40381351012627,0.5608279984724617
31.518919009597358,67.3203195671834,0.6170452472323135
36.36562091669977,71.68799859370267,1.1384564500457661
35.54338388480831,68.96227840849477,0.8253541731449974
34.57883379361881,68.88993210457524,0.4338659217118067
35.390689870531354,69.63130772994278,0.6613055784778386
33.123547024163635,62.33172975762466,0.5930591118464776
33.91521587089533,73.4280147256559,0.34793176720099156
31.00463422888203,70.11609683066004,0.37346869888270384
37.1280161100435,64.50604152690084,0.6160210487476956
31.96644025319384,63.02975145919982,1.1706131590405104
33.35969924745035,65.3601167669292,0.6658526335382831
35.12105064607311,67.49564753937818,0.6232253397530271
32.92936206243977,72.08499709199683,0.8031450800158948
36.096282659885055,65.72584287694353,0.49293818640324455
37.67475839662847,73.22918333020748,0.4531653042178352
35.2964895150187,64.65810367842573,0.25407065537267093
37.378009216007456,75.61894876495896,0.5100591364115418
36.85768072793648,65.92956628421659,0.836211659607122
33.73729862301402,63.74212831734316,0.4644448360507923
38.68822944281205,65.3036909289897,0.31954881714266836
37.35397280688602,64.2118989487138,-0.3218497367733999
33.26502053672461,68.0657965186923,0.35623825081823624
29.321276480548036,63.52752930844413,0.4860430392334144
35.948188962520675,68.82274681470412,0.6050175962030133
37.25176362989356,69.9300141531877,0.5932917221020564
34.43226928536416,69.5714112371159,0.603597903806071
36.33190981909578,73.37468457904278,1.14769911882294
33.48099333024037,68.40399965782811,0.07727803507387876
38.44687656131342,67.89501619852034,0.7944987129999467
36.460699474899364,71.82351873483141,0.4995068400143958
35.40385826170173,63.12728031663153,0.5022149675248634
35.782824728658206,64.18029583768217,0.5672474800755074
37.776779357114265,64.27293052781977,0.1433874823429916
34.820471823225816,67.84900782352761,0.7081112449582745
38.86254794002255,65.82745196480117,0.7185247359201586
35.681199326809555,71.31206425925308,0.10721105646784873
32.296033481037405,72.867645399577,0.617844362940849
38.93540387573574,65.81280922750058,0.42554366015241996
34.44557757515876,63.37076412768753,0.5092720656043935
32.842065048412834,66.25295616805887,0.5422983493472995
35.0857925664721,66.25875152407562,0.7824125488276534
33.562538340582904,64.4359529226263,0.7655889302818435
34.28548133864254,69.72049559710632,0.962164711160465
31.12463961122953,68.87298983440317,0.5773250966496485
30.963002656317126,64.46924390162839,0.6419456492181668
35.39960560683825,67.7311006565722,0.8809421732297156
36.191115319491715,74.68937646130054,0.29950866328875864
36.90231027457648,71.02401925206716,0.40733856522492135
34.91179671406334,65.70777166730427,0.3247994013233728
34.7943911094848,69.12373922515079,0.2609206876180564
30.35739412409943,69.10748879130198,0.9421158221725854
34.780695757080096,71.81271524535504,0.8148923191050794
37.47843060267286,66.02483740914855,0.6201409496897446
43.184833425071474,64.57213949840505,0.3254355995045197
36.844970499218704,73.36203876367723,0.5330920031663633
36.44774341181821,67.3739226753776,-0.16046736055533484
34.298713092185224,58.692292786551086,0.46741136075637235
35.7487556738878,65.16345252050739,0.12071809666270156
31.09908671326127,62.241246319690475,0.5406187998927896
36.091713219468694,71.04392258966942,0.8964379648851115
38.89871315335368,69.81737803812905,0.4385566413328724
37.512185904080425,66.05349896799454,0.38079015388127707
33.57541629869154,71.29764952212795,0.43509262506459945
36.023918372575224,65.97063265627047,0.838499610025898
36.14126771972537,66.28554287113244,0.5348172937330838
34.70274432149205,68.58815540195413,0.5829228280795811
33.901762985549276,70.68280109994664,0.3680493199729883
34.25930270836583,69.28228684865638,0.900900776060128
33.455786947272415,71.68064023289901,0.20480625872310299
37.6246375494964,66.44395440926971,0.6321809448007997
35.72404656276115,68.10432168543821,0.5868578562059066
33.81813497086823,75.25570532400958,0.8954208514020856
37.27752931557942,67.02599321508208,0.3262460848819752
39.64255394332544,70.92964671203089,0.416772287762871
38.91056125123146,69.14199106355726,0.23807660250440565
34.013949627186456,64.76512387875303,0.9377908425131439
36.85188722036258,68.80369111790392,0.5183787874151539
31.338847512673624,66.54160187185386,0.9778564722795744
33.26225840549264,69.87229913788194,0.5131806028659409
34.43833838868236,69.46606181467473,0.5572904897617541
33.48343704197487,69.3125643066177,0.4480801586520267
37.08079783033349,69.898619822673,0.7021659581739785
36.356699953822684,70.72424214226614,0.6239900731076363
36.88349209330624,65.80712933731849,0.6035891247058408
33.32989052448906,67.92683379921738,0.7160821841634415
36.53344674373056,65.87650464699563,0.9747326210464571
34.73211156699596,71.59573268691747,0.39554833482273305
34.436819029194574,73.41381720638422,1.0006507445789672
38.16451027497225,74.21142650886773,0.3564495746803019
31.319348625819686,62.49582698387601,0.37821606195295143
40.454901979254274,69.82327710264083,0.33169019911321407
36.52200233662839,67.6615161494269,0.11913651245139728
32.00410130685441,64.08722453359697,-0.06224210498039151
34.45346798732585,71.0116293003978,1.1164036984971744
36.25859862880482,68.43435571032623,0.6201804858502276
34.249333798388435,71.48459322557146,0.4121493646732342
37.29154646094807,71.82241260189105,0.000842444951882293
33.28243104018406,68.84372720232696,0.29604771167304955
33.90004042583386,69.43060280606588,1.0472805774319958
38.565538091716945,65.20128933262707,0.14293076672022198
38.0804187331289,65.10903826153745,0.644783318838266
36.84057118949215,69.89434969606357,0.6214033934479869
33.09533628282664,65.14970017480027,0.472551365738408
34.19203071397506,66.94107565782093,0.13673306588831308
35.28898032119116,68.13402281161189,0.9761285747649195
35.84824190644489,70.34997689255799,0.5930829856371811
38.53387871614328,73.34714729696363,0.5454963880259829
38.49359434136566,63.513399874693576,0.8309396223879751
37.10161477485509,69.23403003321093,0.7316892860304969
35.569193249407384,70.42535265909405,0.08330975214252567
34.44877221177332,66.48189412831155,0.09476474172627275
38.04339988017236,68.43240711539958,0.4635654186283875
39.726450274086694,67.27138209585434,0.37712752019206747
34.17958373710984,70.64878999276729,0.14804794413059352
37.585614359308295,70.04042095899791,0.7371017395077702
32.78911490715604,67.20373423695125,0.6564217146607092
35.76014193279639,64.01315558979292,0.11642868049971838
29.662559314999438,69.68900191739444,0.5294444926244387
32.103994978434514,65.25984018998192,0.5667205246112115
35.30088590697238,70.6556007778964,0.2804731117671647
32.94860623338732,68.0290080304829,1.0104883131755862
38.55450633151769,67.94412694595145,-0.0677352208569798
34.86067472598202,60.522886975333975,0.2306073315205766
35.61858227448619,69.31687717496074,0.5575142607739543
38.50668612962815,68.86339704138581,0.24765711777413602
32.76690903221424,72.92831929275174,0.8354177702101253
34.752926811745425,67.14465881729694,0.5946002908293863
36.40612782556722,70.03018594901694,0.03617595838212584
33.781980432330805,69.78041559378242,-0.06353790063386855
35.18771298838582,73.42645933893468,0.4104818774861643
32.98139734551056,70.25452958426658,0.9049077677343871
36.185599920007874,67.36143852614882,0.62756377330589
36.819978602588016,70.84823115890461,0.7196778398826569
36.970551607825506,65.59743346223014,0.3787438452617619
36.11993647314543,67.00109236875205,0.7368624962900604
37.38270651345857,71.01514931756294,0.6468191696103758
37.105389067982614,70.45706342629936,0.48385932964973394
35.40780357465448,65.46163539577174,0.09620806149903055
33.52674233154544,73.5177427884676,0.4732199175658173
38.64533612534183,70.58120370921928,-0.08437871543263875
32.04967394028439,65.60063482115818,0.3012958660196099
35.963907522187874,71.0377956107851,0.3825174589133886
35.9524936053634,69.74294092522034,0.3278874788656878
37.45894111840269,72.2027805046132,1.1249082998315985
33.40187616859855,71.25497495421676,0.7241015456922859
36.996116988732666,68.86713245666554,0.994974364849415
35.6203015866803,66.00668104628859,0.6557700008615963
31.82787857691054,72.37411708470786,0.40867288022368203
36.44015383506236,67.20717307688224,0.3582002210005133
33.42662144705243,65.69251414271727,0.7410782961849965
30.759836513854687,68.48118823484383,0.8989412099198175
35.61189748983453,67.80924371743612,-0.14509334909341176
35.92328192422561,64.0855098536459,0.36656305415743523
35.11151476511711,71.52554588613431,-0.023019329434653568
35.76559531914769,72.53946158610903,0.044632264102651364
31.150820719287857,72.50010279453637,0.12478145767951682
33.67296349013889,68.04328489779394,0.8343427803837882
37.49902195587718,69.38860684554373,0.6433117160409833
31.24641858643331,68.95161365313584,0.7495102468236695
35.759915702708675,72.36309126030757,0.14975283820305563
36.40463552706489,63.21798360689135,-0.05570444744808811
35.30929778739978,74.28488516358098,0.8279106854732674
36.69243112159876,66.23197848086197,0.102756476262431
32.806603337327154,71.68668835513282,0.058387290001194414
34.987384394092956,67.47570198757614,0.6568820628335004
31.69857027331914,64.97472590315444,0.5494233944145814
33.9607130878547,71.09120411575445,0.6543597502556745
34.106203801570715,65.74471573015764,0.43084449860109225
35.7995860879161,68.34131065762791,-0.07381719219239391
36.641347080238724,69.88500208562674,0.21265485434916248
36.97393577740664,69.51710030666987,1.060604851014345
36.94420778930074,69.41992555678755,0.4566266694994728
35.50365181849238,65.85490262288789,-0.1845488750532921
30.527992547625146,70.83843279605291,0.39443903201646185
34.110230135837845,70.90226089737664,0.05128626635965178
35.56779604124311,67.92909561005315,0.4612670168751133
31.60031860786438,70.99169361857575,0.6711946723893718
34.521354342419265,68.5617465326772,0.7013885688639052
30.67378831368551,66.38915714012896,0.914132815302491
29.728364869173156,70.67652809939288,0.4351231037832013
32.85591657069427,73.12475309930969,0.439343514255282
34.24279943851263,69.50029954935492,0.42129300416740145
32.92264926790295,70.30217191286553,-0.004232868140496393
37.87381457122048,62.91347703510987,0.3240798713283852
38.10725626461161,67.09712723971472,0.36592787004095917
30.35852680724129,66.23860188795042,0.144998541931404
30.409273421040165,69.09833610731822,0.6811657087664946
34.820292733056746,66.22183249114161,0.4721247915032775
37.45048580244996,64.52782759296011,0.4164685513703055
33.57615308778902,63.01658470550295,0.7265602221894571
34.21714501893437,74.34477308346499,0.34158684521726995
33.684738663670245,68.54398945086439,0.5291446493781544
33.92542962392995,72.77755059274067,0.302523714871614
34.6316001608343,63.43795335399889,0.5190649088917333
36.180200167543425,70.36134039786694,0.7283008090090732
35.737370071784255,69.48290529734349,0.128005871862783
35.76323641850757,68.96053132277672,0.31862527131716195
36.07558021341322,69.09057077966274,0.9072837733641479
34.11940609667041,68.3176024772625,0.5133245387758574
31.5924965259423,72.398136611666,0.7995734010343147
34.09461607554354,71.86841168849641,0.5926468016193412
31.456456796150558,65.15335804826941,0.618258652281123
35.96028787980206,70.92838289067086,0.5110146804475751
29.091384983131793,70.58802750201589,0.5691384810271574
33.879558572118775,67.56570054300055,0.2196395077973089
36.40446588115997,66.09569117363482,0.5856807765748246
35.21416890721709,64.98275273823567,0.7595553047158932
31.803345257745445,71.02958807359065,0.4436980321007367
37.18321034651542,66.13073742738375,0.21910035453797472
31.854135950019522,65.21578705778697,0.6917883865942536
32.54643707904803,68.70898642606652,0.1439077568401272
35.95050427066147,66.84243383329716,0.794372066062303
31.7254165254731,65.62921191290474,0.8627079519124512
37.50930845192539,66.15655033375506,0.6460483534133806
31.98088701963528,69.53899457232727,0.20988771097186487
37.701078634181606,69.66900696831878,0.6834281600763177
33.8489424317448,65.37488919348829,0.7637413147208014
34.899631219407794,69.86904115174845,0.019191622140706632
34.18949941830299,65.36124282537607,0.9094155654089108
37.906996365855555,66.81311394104043,0.4392376453897142
33.56831503894633,67.06168150504057,0.5113339006071244
33.71694078784301,69.98497992270617,0.4617484385690764
33.92152505349933,71.64695163384934,0.5405577195612915
36.88176581481615,70.45943070177874,0.32350500281300604
34.086605975954846,70.1774135149887,0.4853868951381674
37.91546983841084,71.15722969638374,0.17646534247259954
36.322107601538406,62.89824721031066,0.22609634295156616
33.65704469434037,71.23901791409413,0.5883696932129482
33.72441017664233,71.47978512868504,0.47664806408892846
34.81220021444047,64.21051309204502,0.11701872441319722
35.29246994901136,63.703260127884846,0.6232754200385258
34.76810210914651,67.56909624396805,0.40866351049832506
33.460081976022764,68.19276459859255,0.6501758812920588
38.86290506518984,66.33015065109294,0.9484385133362581
36.31678278429508,59.07169352445011,0.040335820813552914
33.0303654413915,67.28553966762108,0.2753365334345992
35.89923363998828,65.23167260334814,0.8462792265410939
32.77920483969244,66.98949237301605,0.7063129930245238
35.4785639422684,65.02279213526228,0.6059903122591985
37.2283437150045,70.87717260801911,0.2636294751166548
34.05905365269378,72.0206718403377,1.3621229817575429
35.45125881632474,68.08742731973884,0.6184488971272183
37.255495677891375,71.96891061343156,0.5470251330977035
38.12386654941137,74.29407622762658,0.27194977593292186
32.63599892876583,70.78774968302727,0.7574095021254299
34.80165026706021,66.76357675642788,0.7320885592942641
35.69222539957631,71.05216531922765,0.5486907866709737
35.193898107169545,72.87095427063142,0.43493050861716176
33.11260467140369,71.9562685599385,0.14619889243038514
36.83486090283025,71.08024654913798,0.3498680752879796
37.222855747085376,73.2352939486968,0.6716777550327075
33.025061994671866,67.55374173951708,0.6422429634307336
33.19991758552212,63.04121245662296,0.8522103720890668
33.43006014005779,70.62057594852587,0.7998120548727654
36.68008297792415,64.2511725848167,0.5846883263774562
36.3883478262404,72.22907469513112,0.7699821674758971
36.12736678874187,63.715729168435715,0.7291466579442843
38.48521225149442,75.11258615108837,-0.20735818041976883
36.0575835555152,67.92157893124372,0.35947106285472985
37.79757330508506,67.38255940842693,0.5791218686089161
33.17903161293245,71.97973936825366,0.22902429641009964
38.37897998431078,70.0775575287702,0.4072942995457601
36.644817420246014,68.79566931494203,1.068068757280657
36.371459216993614,71.14231155335246,0.21097211078704198
38.60502021158787,67.85362956167462,0.8163904900612297
39.717293428291455,63.336789367498746,0.9196782806067756
34.39067106454919,62.857921307650834,0.19865834816334832
35.289595929712,69.7888961845367,0.23088851056424126
32.85237421196454,73.26016181698854,0.2848087476779958
36.22359293147352,67.74954304927877,0.5823456773729846
34.737169743130714,74.29298029515397,1.1058410464559776
39.002779089533796,68.2359270839692,-0.17370433053898948
32.441190170845225,69.85444396874797,0.2374124006497343
35.363270260155375,64.1670658642536,0.48736641365489025
32.47871875327373,71.20218705950352,0.19303453040806712
34.88473055008626,67.68723233670168,0.2831757261801594
36.30050578033748,72.20746384986214,0.44957594796678213
37.13264173067973,64.64450605942619,1.148434339424802
35.63278253634391,67.45037476865399,0.42742947371482015
34.60780443593029,66.04916967686101,0.36643042691786787
33.51953579827709,68.11810585554679,0.9393247549723798
32.89187880122457,66.29414723755266,1.049837517023649
32.83007613022932,65.32973981936856,0.33757006581752647
36.814768539581046,61.84529451139566,0.5472390217356846
36.240891730412145,66.59458980223982,0.5869859527170989
35.82561049619357,67.52515703099542,0.7662066924791897
35.935033419030354,71.77091889631934,0.37523100327812003
35.57681825865191,70.01541518243269,1.1404409309821386
32.299257778256745,66.38618537883775,0.15049895065488778
34.22214964083103,71.9832530311276,0.42434175092105764
34.593420303279615,71.52158486246026,0.201102998326255
34.513480661788634,65.63408249537626,0.5600303021667477
34.411854292077216,67.02387022219384,0.9279425769304696
34.563610861994725,65.66567012251865,0.5839066385802963
35.69921049574798,71.32987238180488,0.10326967076949117
31.476716739179817,69.88099776643814,0.04172412721036062
38.672445665809384,65.80504795899067,-0.03370466640219005
30.420511875782335,72.99032026284392,0.2193496986345782
33.323684281729,70.81040787450391,0.9028068733649186
35.85216343433798,72.01376422005576,0.40462204738602536
35.781337053040524,67.96242042935073,-0.0267550273557553
36.8564698737013,67.17229735788219,0.7342533686598882
34.133253671728305,58.49401664162205,1.3797852145194094
34.858856730024044,63.96361681758238,0.5109182500664573
36.14935611407732,73.19023667372231,0.5996944347930275
32.99171876199666,70.08784764088595,0.23056068111342914
33.919410050180936,62.471368329085465,0.13416528888870394
34.867840685047774,73.311393851788,0.2891763893816758
37.20358974926124,70.3753564375278,0.48375886552836367
34.742259029081055,68.36055484924412,0.9383256851187048
33.95399094056792,70.02115158318128,0.888107847860401
32.527674071201936,71.8446063229756,1.1496789632427316
32.30630747204869,69.56760811063577,-0.2291081727465648
35.634771416254786,65.8010382834685,0.7757605712633032
40.25969215044247,63.53480519450207,0.6517155839997169
34.11535771732305,58.2439036805998,0.5295652379971749
32.66495120288584,66.3183255896218,0.5630609675892831
32.21608639994709,68.46951649734157,0.16236487599560734
37.26279026026445,68.2176893749193,0.42284663142665974
34.51316900712005,66.12396841717786,0.4158911325343011
32.56624718247986,61.49450204258884,0.8607465310964753
36.497592926755004,70.06754294189126,0.16396908742890437
36.61061957261359,64.94604313865685,0.9504076536986829
34.31947709366506,68.45453115051878,0.5936753396821824
35.71459453162325,66.23949674215272,0.7710926987207134
34.55109402299587,69.91710330780738,0.21848810538941682
39.40097831671142,70.38538358054556,-0.014824320356695675
34.24437776894659,64.8487965350977,0.772007278777028
36.93661617447773,73.13921403861136,-0.19772049442292028
33.089011512376736,69.86004510004858,0.43953858675931023
33.972482431095585,72.01700782440534,0.644017213437619
38.340532154891314,61.73211980515043,1.119626102994697
36.80831805111822,68.4660786983936,0.6206991171205577
34.379461901176185,65.60845890515523,0.7209071241290691
38.07685506683331,66.20572313945398,0.3803836725324739
34.13013711322747,69.7807460318414,0.6087590524326966
34.081003926213285,65.73318410813467,0.8601941698332538
36.35171341702167,67.42543080196212,1.036090835075028
36.377790523530635,71.52249513261805,0.6478561801825624
35.43213697058178,68.77662866745797,0.1290164340892732
33.58260425789524,70.5695978939665,0.6766822665469725
39.1103417747781,69.05515858884516,0.2659464953325216
34.916481981666664,61.5515478564997,0.6974455982131593
36.11222934158857,65.07669919474671,0.6111056295149693
34.327875638052994,67.03748956690035,0.4022219061656462
31.976081585122984,64.68139363037398,0.7055215538477828
34.33741611500186,69.27480696953006,0.5290820776993861
32.73898453213217,70.79225408791828,0.46621957986670004
36.59371347057769,62.13882720274775,0.5399891355476145
33.3404275797796,69.34504112209906,0.4206643210936637
33.05135979638881,67.73845947542137,0.7246201287973062
38.298526116422494,69.61167503549161,0.2194608849846768
34.44401899565922,67.2270768771106,0.31768594785965265
36.34079651411524,65.34756986138683,0.35509591889964687
31.8386475361175,73.26160676996473,0.029053955747148252
38.13336914968369,67.69124143964589,0.05251240283896769
31.530832222639244,66.70744215729654,0.43804287709336853
38.65315027755119,69.26312800574782,0.690945868789113
33.41056123035269,65.63893142489815,1.388328952993549
33.86216697454738,67.70494302341572,0.4138078379844841
37.928678174588455,66.12402110100766,0.6690908540763412
33.069098544246096,68.02537892663545,0.7150508542778883
34.62432577988477,62.86848784965541,0.30558314291154887
37.221922802969395,67.63044065886461,0.6622591607554598
35.4174130876647,66.84959398675188,0.13638036702899753
36.27840750247261,70.78704406093424,0.5177182170535863
32.6041461340675,67.32467712757466,0.6900539792553843
35.60916642520656,66.21529933914421,1.4383833341302799
36.22247570123143,72.75374236015878,0.3927077726217767
35.61823311250559,64.23109055720684,0.14771423418017315
37.35925801224353,67.74322783729815,0.5575388486477021
35.25714879064771,72.16858057381239,0.6003802380785974
33.882367105029495,60.338208598285675,0.4680594655684714
34.65002218267711,70.15588867266172,0.25363098616605895
34.295483655682084,69.9778329398623,0.44561046260571324
33.25780706613728,67.46421210206968,0.7252701138530184
36.5018647281131,68.88086697392603,0.8232671110270704
34.68632145726928,71.47574580247336,0.5354923997158589
36.47080359935857,67.22379880720857,0.7007971499243395
32.13160088867573,69.25936150474865,0.38948483961018365
38.363541523425546,70.96809008068598,0.6622566169894848
33.429296090012556,68.84539368200349,0.6464211037762837
36.331375117744365,67.92970807008366,0.5110756676341418
34.450266589455865,68.61932312809945,0.25158863950631605
32.91953004777404,65.58477892992056,0.6279924114005218
32.972622525687875,71.1493680889357,0.662905828459769
33.76581017748747,61.15207942571863,0.09374745095160236
32.28735833482643,71.35326588232729,0.1646987961776764
37.954169621957945,66.14758433189222,0.3989625612274766
36.51580050120902,64.02951819273765,0.22311065670611469
34.256763243386686,67.0175760219973,1.211796505033644
33.261950152919056,67.98309755646845,0.28243511144167105
36.374421363802895,64.91876094129503,0.8770861889016673
32.715920063209325,75.98155895989935,0.813932723068337
35.3024445453572,68.4153752247082,0.22755928653898766
32.482939285308916,70.91348138998428,0.44161090462178554
36.346610980478424,64.38303036408081,0.4516955547083488
31.359594064388727,72.92037444846419,0.6496857402938616
35.635745201613865,69.8888598359407,0.7353785350185426
35.04327929811802,71.79866844830036,0.7179176015282475
40.41850811322798,74.03809778640651,8.783586716956425
41.87108168961755,76.29988683654355,7.99186979369581
43.50888734548416,75.85822855373631,7.408020195866167
40.1527899769491,74.75802030330284,7.346905642903992
42.88757282595384,76.73090811528715,7.208603440823446
43.3958045882386,69.72834011920641,6.8324584632880505
39.72206490929874,74.94197606430579,7.6330120827937336
42.06246481371598,71.2952444237086,7.187016633158679
39.60816242923636,71.2401725435754,7.448682971286025
42.19278068851556,75.1647527250764,5.388841534704219
37.84351102472657,74.39615208199672,6.333423463478699
36.70220338743608,73.35344493383974,6.743343646890337
40.2419489987382,72.38694419398007,7.404995547093567
43.26955462450734,74.6308609775909,6.866231950353477
36.82795288392113,73.04320660082239,7.462088919608944
40.16148538664042,75.36520071946039,7.396214762463826
39.31648736525997,75.27053501464874,7.454857479912634
36.562126293938405,76.90068016028992,6.413386269258757
40.35365202304927,77.1987058524902,7.2290187363674185
37.198934432386324,74.8570712882069,6.460709691904394
36.97561537036911,71.3396086586896,7.989412419759816
38.989268080407335,72.66440009857975,6.658586108982388
39.049433672472055,74.13334255181017,6.981301037004041
37.32703598713104,77.75047599753294,6.7100020572213115
39.10732280744182,68.17314700418547,6.564595053328986
39.29195909788495,74.24558147923662,6.096791898292446
43.70409895335262,72.54382964890867,6.8864156259563005
41.08031520103991,73.00539301325264,6.929060433669803
36.322186238651064,72.84747058861227,7.827882604046291
41.225229986160926,76.52154826771326,6.53495398218465
37.815246311063134,75.8692809419348,6.678860396888555
41.09772397631483,75.268980295029,8.648296950205207
37.65635022298477,77.9615640732892,6.703710192475833
39.46016406595191,73.4262120546995,6.6335962744739545
39.46121731661607,75.47196008034034,7.710040770012471
37.99792895018295,70.65934466310954,7.471775711650251
40.083880511978386,75.61424845483148,6.450523617801689
40.450664556492896,75.36519710438782,6.714894598204309
42.404401005436334,72.86670763670068,8.028744954208676
38.52752171449925,74.47280962572599,8.007773106502558
38.786965675981946,74.16594907901757,7.096292897596154
41.5353065063279,73.40239218234527,6.993491519448869
39.76462808954947,74.04730131764451,5.400870400755643
40.003169768072986,74.05516863120715,6.640922142677876
39.79850247064689,79.4354582185396,5.587770479332636
39.576884335469344,73.30081246243478,7.588460409966247
37.813335578925134,74.86799430401871,6.574187329250394
39.83548034452119,76.25176953712104,7.8384370549599724
38.81470757172677,72.59069993857908,6.191874481430436
41.14188351779251,74.3706993615713,7.363058007825659
