Temperature,Humidity,Hydrogen
24.964008261227715,50.85855079013387,0.7287324844994179
24.58773190444477,48.22613821195168,0.28993897530312984
28.63645303213187,49.1036941653277,0.18313370399815543
24.56357474277715,50.55192825147297,0.6781641492287441
20.146687458799782,52.538656763718386,0.22420107231830433
25.120702377296983,50.07887245601027,0.7225534251484895
23.787403288944574,44.64371948357794,0.466819095170331
26.96650529918689,50.229769054081714,0.6989907766575599
24.606920525631104,53.609585549645494,0.08710576888852667
26.179655641131763,53.967034811819275,0.7316102473044526
25.90494287617014,48.36789419848517,1.0284045107438853
24.92340528202628,48.8106587608637,0.7015473403824604
24.989920325959705,48.95807539021322,0.05999783274819981
27.343976461065036,47.855388227836485,0.6174465048452256
25.21765110517538,49.409493639259146,0.4827106527216674
24.142127541605806,46.62855200500232,0.47506707163862266
27.117161345504645,52.44446885349323,0.18711974771896572
24.411207269231284,48.4637612015287,0.7502608419554153
22.28007938920466,49.013646024150454,1.0318776543558117
25.619425531957347,51.43064237507462,0.4233051360817994
24.389025546687094,48.66217159574593,0.22873785969112642
27.793670894086528,53.85950248184327,0.8271596027405659
25.074390366455827,43.22436605461866,0.6713219536534076
27.467180164896618,50.1127776197131,0.3129877290245662
26.076171716003724,47.063236053004104,0.36992905569641343
31.085411931998905,55.689373886804205,0.8007313330113919
20.605280969711632,53.82696271147847,0.6609901980664121
28.518641545792185,50.57103563924726,0.1497929808274227
23.708836085297516,47.03079485765131,0.32551228191966664
24.154102419878154,49.701627693662445,0.5221021040070862
25.136237012868595,47.647244908846375,0.7575249044664203
25.426996725332994,56.017541153628905,0.2704781780431552
23.12342559455426,53.78449512517797,0.458572267846178
25.933270181396548,50.76038009695315,0.6409510016855857
22.30312110223194,49.84189176595949,0.0724459290335569
28.137628683687183,48.09086758174987,0.4193831467417066
24.635011063075055,44.98176715727216,0.22990798501907572
23.042549591517922,56.7173784427378,0.19165971615201055
23.167510981325176,49.70289172558198,0.30737198082600414
22.163129783020484,46.89457507960559,0.7989658414093577
24.516362296801848,52.43472931374151,0.19809732903170352
25.433442335388293,47.16036340011521,0.13650307285465996
22.265307121256516,46.324099570563334,0.4572737300614067
25.05076516640243,53.47916840905694,0.06030114542928572
28.303436505109982,53.32909225275344,0.9055479672370262
26.01147539596507,46.27654211863804,0.40822566804754506
25.362215338887992,50.58717586938135,0.006951260642965085
24.863295235624143,48.6930047138209,1.0715121595126456
22.38433783102936,57.61244541571875,0.5382089002611247
21.583407097926145,51.68733365424834,0.2307711389625861
27.402637759164726,52.96422672094692,0.6845279693569641
24.92646418359656,47.609520153666324,0.7248379709580023
23.447436378911046,53.527563326315544,0.4260685252118661
26.122470945155907,50.702634329753245,0.2156126436962546
24.791086787506508,49.1696260980184,0.36344942549273185
26.06516440727266,50.02553180792675,0.7233013995323697
25.32467887806062,53.57942151884518,0.10494216180029725
22.294209125985553,46.21526158185591,0.6367878800777874
23.77145673303216,48.055655882642576,0.5986644831229175
25.68835780319976,55.47567000236557,0.5522200019005891
24.043159155435728,45.346693158949286,-0.3290314107238099
25.10335761375612,49.05820133754359,0.8541611767376155
24.420727056662237,45.76181261365225,0.5960258415695052
27.590497007954752,44.549971054941615,0.14216919695834845
24.085387355317344,50.74387731072012,0.4643027391880249
22.634493687258963,48.451297421229654,0.3028983753153288
24.019524914869027,50.77546899412008,0.6713545104533883
24.77154969668908,48.620876678760304,0.6477903753988138
24.96486243635182,52.23793778752821,0.06034795895170947
26.589093656381493,43.3698857575579,0.604486175221543
26.35761188415474,48.60623253234943,0.8400260766988193
26.102670024567274,49.19171674767618,-0.05691292239304935
22.199246322568904,48.9483679927415,1.1288183723891927
24.67682491250767,43.594052085262675,0.4850484059913413
23.780999376615206,44.10290870588786,0.3769349109482464
27.122734548055494,50.93939780906138,0.6912938810408186
25.375601426470883,48.23486750203385,0.7888368940001756
22.766745280356574,52.492788640275,0.054010907419709986
25.98973469961475,51.3565465944906,-0.3208325096709641
23.365787466883372,50.876558234818205,1.003555720506136
28.132704774772755,53.32332638673671,0.9498227796460765
27.449301534704308,58.21335400430466,0.6296524239059011
27.491275607580008,47.90810197165212,0.2703246955576444
23.18465273905903,54.69127954565704,0.2609948228540824
27.14651042908637,47.26960669398784,0.6283521833554293
25.164872474438244,44.91030149318589,0.20651012295020016
23.295085544802234,49.13245764703984,0.6954720409199439
24.130070917168354,45.34614411711594,0.5415144192975679
27.953600178740146,44.86087833568725,1.070061683701216
22.78257878561584,49.999149082069245,0.4647676744154096
25.64350560360817,43.82180750020971,-0.26940976171158826
25.245013429335604,48.74684890387891,1.037642455046837
25.005997999568073,50.91431601691832,0.7292458590248838
23.503550136793248,52.64219161813204,0.13195519631306918
24.91153730109778,50.20252635309667,0.7459031443900828
28.64331459357554,49.54919912297605,0.5436849719800954
27.28562494326723,51.36937390173291,0.5843933262652983
23.07060125209088,55.416553366147035,0.6739577588964918
21.77348580568569,54.82635068476515,0.4301475070945371
26.88858699815213,46.9976960285524,0.6495140364747033
25.848497475046123,47.73227688223355,0.2990299588409716
22.624195832354374,55.23534516911981,0.6648188687747457
25.96274928653997,48.05107432440062,0.42861596054309703
28.248262275964365,50.92790767134467,0.3611325083299497
26.403068866295637,48.74336919697423,0.6192966075990624
28.498122944905923,47.569977253295825,0.11152202976822878
23.370316222363986,45.67551965749088,0.5831131856731472
27.556411615498554,52.80519761189065,1.1957740406581303
23.991826656237176,51.09137896097632,0.04263757952364344
25.78202329789271,45.4534064698571,0.7111984019694133
25.352424531462677,48.47853608339388,0.6508486425998445
26.757787048220717,47.783807948139795,0.7285987134034108
30.153151810892368,50.36909826370509,0.741136196729181
29.395352589753415,54.31239063308461,0.5955602308144352
22.58850591026703,49.596429827435074,1.2322279882641984
24.969431710710438,48.03187524456429,0.22441016409537606
26.35387354582832,49.20205042599336,0.40402185883495667
24.155975922420946,54.61139178289076,0.3865866226327806
24.37748232623883,49.59101828374933,0.8745368559772282
24.753600560965854,45.34751762453825,0.10070842066186941
26.843668947151272,51.892411706591396,0.05682005596813611
24.86175970437136,53.54144798477252,0.6548554477141795
21.459952997066047,49.458201855172746,0.6522536681176765
23.279023136573986,43.80731320759401,0.6407847117651714
28.627044063652953,53.2416271723968,0.4012575745257845
27.089130070087208,50.326972286895185,0.658181794750994
23.567131493104615,53.77332025083021,0.9226479499446038
23.96117768471213,48.13671832661545,0.3364903233921276
28.365014307370355,47.407899516284274,0.40561678988572136
21.971707783373652,55.210474663634386,0.22875175526992153
23.53820164528168,52.093873214698434,0.012546547507077122
25.76972604034088,48.364192160094184,0.9586042159968116
25.835550641963668,54.426657813016824,0.13304517262929494
22.976824862893906,43.22430173720061,0.09253253731181971
24.388320784780166,51.382881641559685,0.7496922043989885
25.605081873262293,50.5723459012507,0.42786629388037434
27.87165711827498,50.706790460531316,0.14420427608465952
22.615788311075967,50.801545973230944,0.3733570256390566
26.28632604593405,45.31881980448531,0.6331789196296014
24.08689594349071,49.513242485504634,0.3557440542975724
22.581549451006385,51.94558485761741,-0.0016148217729882175
26.839926763136628,49.29268876445343,-0.025819753627591258
21.781556610676983,52.02334566828342,0.5669372562731905
24.533758749910696,53.992257562649414,0.6204953440340308
23.642280798059094,48.82374456858314,-0.04515779153569088
23.919471110969997,49.280122899857794,0.4014796438098408
23.91204037748792,53.19260257916345,0.5426483821679514
19.78449330030212,49.878472603692146,0.47296001859853676
29.6282997933137,48.19268050609721,0.7779071875989809
23.334656901889016,51.462381779067975,0.6643922968746313
22.51602679925369,52.669455016599194,0.5743291942488806
24.059068369360674,48.64691394941903,0.6982729361819198
22.16010896610235,55.094898933946595,0.8556460075363093
26.40131833168264,49.44540409784905,0.3067046342866796
25.527042649455037,47.06318289287412,0.37266987875637686
24.519111868432862,55.108966829342876,0.9577371960527796
25.033942360824174,50.28551130802558,0.2235406741479416
22.67357599246185,49.39478143956537,0.42401272477246166
26.45581091255392,50.39064020591632,0.3173467970817556
18.67189608510628,50.564716479836925,0.4461721458714201
20.64572743051648,49.55846129725485,0.3352455990832033
26.064463667790218,46.834762870839604,0.7205074826091513
26.50798833719729,50.99989143957604,0.5846856346991309
26.665762956160897,46.13701968176681,0.7636287324107849
25.38936696764898,48.9543044655048,0.50855921830316
22.74368221629248,53.80321366753857,0.6678583944412714
26.043490108932794,48.92731901024656,0.8554940933211129
28.63414849649481,49.37835484906792,-0.04764920534193162
30.8800699005398,51.653329821435555,0.12642478926029793
28.124241953165605,52.33116246831095,0.07380694900944212
27.858210467850256,48.883866414081034,0.5895112127627002
23.984476319750087,48.35833586017287,0.5183862926738276
25.31713682730758,53.17264440066789,0.28878093157318935
27.734129981788843,51.03306228747829,-0.11278973005806692
28.994363360724414,45.05495146040675,0.25068428146435573
22.8291670016022,52.765870106824565,0.32652562023411813
28.78158651074459,51.71417824680045,0.5741323505639374
27.72341095135899,53.22817147335688,0.43418664009677527
25.44635206092957,56.15468394089078,0.8396168821328918
26.198424770958674,46.3779807137074,0.20850965295194307
29.41369872539353,47.21216722683613,0.9072604867764726
23.9021467577511,51.81012753059944,0.21391088602214892
21.387215937882967,53.353766057468036,0.3927977625698139
23.155423061014176,48.003222230376,0.5043525799783004
23.465386669526236,45.8110616683781,-0.016917932809846103
25.03044111711399,45.9771407750285,0.2845766439281583
30.712312054339137,51.151306812623595,0.9075277059508063
27.184492857766884,51.34900266240591,0.2157472035086046
26.627513238642482,52.08824620757897,0.17684008119346156
25.51727222427848,51.520853396842874,0.5897305512203634
26.523134823231892,51.25272894651565,0.6848710615243789
24.41993401931138,51.90891229061647,1.0172535047725801
18.980780393377657,47.936753453125505,0.9698587621640375
27.078546459989724,50.62430679287808,0.22094454559217086
23.89675520834186,50.897624930751576,-0.0012836558266450249
27.9361439247672,53.79901677874933,1.430248465186763
26.40604921397535,48.25107525314965,0.3841791708528802
23.250910743173105,51.16246574580997,0.4253176985742635
23.338809735857375,50.453701224397356,0.6796432428565671
21.621348066425206,48.823973028517926,0.27184107490017495
23.773165673668863,53.1288871938875,0.4346667281143904
29.294540538392262,51.75548308964395,0.44179222950708985
22.411317148340448,50.885866742988014,0.4106553385537211
22.753233546162555,49.86038585562278,0.089913131428345
28.571318362455663,49.42630696458935,0.5552658028026958
23.6028297296682,53.34708392207283,0.6932349970716661
23.99509994863046,50.56023802885701,0.5628891848111007
23.12714968259467,52.92914361133416,0.5063651632685124
24.20889687619444,49.602663178235865,0.5367105587294585
28.455533355988788,49.101052014260844,0.7209991858154101
25.102142487734984,44.051131024124324,0.30154043080052273
27.248124138813502,51.36588093173568,-0.02340940945641612
29.70000834395911,51.50197187060789,-0.22580317805454553
22.602948525005203,52.530703374022835,0.6813110756767125
27.31655745915407,51.66325776746599,0.825080608586339
25.972911724282326,50.043866057345014,0.8813263880078803
24.285885005772215,48.83481611151177,-0.0449250219468722
24.195035533927637,55.14642719626213,0.5730399449182408
24.70060335505787,53.37184790011731,0.3191779694756982
21.967850428991117,52.54777028339546,-0.22789327364981393
24.709611789893355,51.687354138739366,0.14698002952419836
21.72084103275975,45.8862488375718,0.8436306825764576
26.057745783907976,47.31009895752718,1.225038569939704
26.414785092147184,49.73274778540661,0.5915354424148778
27.642471969751476,45.54352037944488,0.7872318758293277
26.005513586790975,51.636652986586014,0.9144118565590371
23.075952963394318,45.012407515693965,0.043632136363945806
23.774636594509865,49.828009071208676,-0.10656879498543492
23.518958167904092,54.411883861640476,0.03261072022490219
22.744846673824163,44.66676925607176,0.9276116643421939
21.51573617500674,53.09186917812382,0.3297474020572162
20.881639142817583,50.64137086535371,0.49706185070938214
25.155459362876083,51.2216284029043,0.01583393589235743
24.587606371120597,47.44210167486837,0.19901669657237214
23.015943982358696,55.57015680856614,0.4308883201252077
27.191862537371545,52.53481488484036,0.2219357288689618
21.376181782299987,52.91401448274503,0.8139788944176487
21.117576950131742,57.02788312028382,1.117751531373809
24.091838838497523,50.119914469485416,1.0790078786626716
23.37373057378994,51.91972201703197,-0.32543268800760095
26.11190882617721,51.48312946801026,0.362577416469013
25.381249028602248,48.23132891202934,0.8446446335189062
26.276877631961945,52.526647017724315,0.33319650873920315
25.670166929145,49.746752043970936,0.1914505978299441
26.739267786843016,50.05017805348738,0.3574495657208306
26.474639357039173,51.93627808342301,0.8017032338908112
24.380790163929912,45.75297104666989,0.5424137167087316
28.44270626007499,46.709879769334734,0.2777391295480711
25.011663938011143,46.795962900780076,0.5588428764922854
23.864584197394098,55.922581975261515,0.2897136851680725
25.010825599744877,51.59076600012594,0.693332423435919
25.879841530339267,52.035551435999054,0.43650093066782514
25.820171170168173,53.18890357117791,0.49749903184997896
25.688987027701945,51.10678662135141,-0.3158361617697386
26.473017160556346,53.506618224358334,-0.13199992709293462
24.98145588984596,53.54715333768555,0.29207604054891667
29.9278975126971,48.499748935024115,0.7776572223556809
21.184867548868567,48.31533118248913,0.42256133881267105
25.591805324562742,52.989580812872184,0.10432542145998025
25.246334785396908,48.998204620271245,-0.1381602794473562
23.99846427830932,49.35233749735512,0.16201089812031239
22.965288602272572,50.26808988389634,0.23647934906980844
24.901125988784905,50.10088156580767,0.5945054049201282
27.54232120029242,53.45519725138541,0.4144984392070541
26.65090316658981,53.565737477891844,0.09939195818315633
27.455575148410315,46.74976159915285,0.5055019094526925
26.224895806688835,55.75961278626641,0.6244777300167689
26.87646943795819,49.05461592938912,1.067015284732357
25.43137974920268,54.007476902385044,0.26185976530928956
23.1709636091263,51.39765295613574,0.7375544799042363
24.807979930759764,50.85357185644668,0.5221815360937805
26.115324648824014,50.00213718778087,0.06279154553611993
27.153506546377987,51.04639538678813,-0.09881884407029518
28.478118840876245,54.61789975134587,0.35332550197485424
26.44144445049569,49.56903352846014,0.15663600962324492
23.762016630166997,52.82961183629758,0.3034945065895725
25.329685582746094,53.02865335060788,0.5722058644980517
24.637173910411075,53.6563370428801,0.3234499347288794
21.72281550939989,55.993294288287274,0.3061480307078834
22.59797503765487,49.8062117036331,0.641724882917636
22.20904383709543,51.74831836057349,0.4269812022310174
25.238005299867616,52.38147151898838,0.816460996471067
26.231894667908325,44.59172329091302,0.9502294540565164
28.651588640206594,48.087641889620876,0.03954158398964136
26.89739788709244,51.485664729084476,0.46113053612194976
25.073041824736478,48.92331516637874,0.313414020194679
26.186717142861347,50.50544888058133,0.6051121398038999
23.651849517375133,51.1318691616612,0.3989261321124146
22.421554670365524,45.98570764173182,-0.07773299238346143
23.073251498956452,50.37530636017605,0.6164778087499091
24.17122994460551,47.38544674541603,0.511199887331274
23.95575557817734,47.57163786982133,0.7875016467063138
29.102212856697992,51.586557187539725,0.010716748007247867
25.11636770833489,58.21162599546348,0.33080930746517967
25.59849978042321,49.29098826446211,0.310145722854572
21.5898085000652,52.37694322810392,0.2501053844090782
26.353820681124702,50.0229873432414,0.389529595690034
27.428544967341203,48.4409368653823,0.48528437855086776
25.46213582480731,43.86709091839223,1.1631619960333421
28.404011176177388,50.74482903674243,0.904780664001075
24.853902356145447,55.49660766857917,0.6527217948463916
26.428646137960985,48.42939480025836,0.8242339463202193
28.30423779866215,53.91711096948064,0.724574885273759
21.82795200294276,55.59675622791754,0.6357692095715308
27.249490575070165,48.06027067866738,1.0092342396796021
28.06840322405558,50.27328843307768,0.12749024759369781
26.767782392383744,48.626858911738665,0.7848140941978636
23.657233560419037,54.507313725424254,1.1225291860990576
22.322619559751768,51.48021821075021,0.6592255990722269
26.174468947415598,50.016122568871744,0.6146804259248349
26.417075866444637,48.91306830913763,0.9058079838694542
24.20416358140992,48.55473656404053,0.4031803205193301
26.971892048256567,45.25430069542166,0.5222631975911064
24.8639865521792,52.20667627161342,-0.17138574343649193
28.667161421781294,46.275411120956825,0.5991673627043657
25.86242275036352,49.14542190060166,-0.15494228182796732
25.921115044547648,49.22614917698513,1.2879717874224714
28.210350232693276,45.85263889393991,0.16527227779923498
26.629184323662848,43.1842803222782,0.3303393417071018
22.873154349637108,48.96684022360333,0.2950091942896891
26.911022954557634,55.31942412193189,0.5200765839175463
24.53209526191925,54.10399726636565,0.27123982466001295
28.142521344779045,48.77102957874635,0.7488254615477375
22.910590039861024,52.59282188064977,0.3768745826091968
21.692947336901685,48.08827938188202,0.13653273981099184
25.288178672142518,52.97928478328747,0.1325775456041316
25.956987800910827,48.33628571968678,0.6475582373490132
23.284107192025846,49.03044536183279,0.5909121986980462
28.77511515222295,52.90216478321706,0.4338566758148879
21.49488862204749,53.68141563072394,0.0005352388402924402
28.20697721578723,48.69987387282762,0.2991252555433548
27.11923031291745,52.436112179381354,0.061403397270162086
22.674576076029105,48.18722146154106,0.612004799769996
27.529013757094134,53.22815222628302,0.9941282123752093
22.840391011253345,48.940191423593284,0.7494911574425627
23.11990084647366,47.901370623735446,0.7850101735842286
26.58238522076241,45.31988680625025,0.253284870603524
24.9339078120296,45.818429196889106,1.1230616201053083
25.27148641999915,49.15948155530971,0.1125445188245513
26.439078631716267,50.793627440579364,0.2425112131365792
28.135176878570956,54.222303832204105,0.08807965286790709
28.626475985323236,53.402715877722684,0.10419974592745768
26.25857079655867,42.54992555260777,0.12056876439499059
27.206149000912887,49.89240371869572,0.46413741385535134
25.98283115687546,49.69562386758785,0.6342620578549487
21.960300111134515,56.72600982980974,0.6359828058831785
22.424474403947215,48.776150011824726,0.5655438783743181
24.967379022242024,44.000685004545595,0.3479258581718758
26.6779423600879,45.806473733385516,0.6919132012785629
24.478320369330607,52.71750977963197,1.08512065501063
21.754943177501804,54.16968003464965,0.5671722631796475
24.824523653136254,49.19114989964285,-0.4029796334507274
22.878885394861186,51.79058346491712,0.6776680094923014
27.30948016412392,51.97358828452926,0.6939273384898772
25.242502538356682,52.77035541793249,1.0273247606117164
22.76060788544232,50.71128509985839,0.6746356472810913
22.443452580371154,51.8050904038789,0.40020425278914523
23.913485353038606,50.687348478122296,0.5480287683279154
24.078007384227792,45.19283222023815,0.4737791915675348
25.293458946146476,51.497949699112084,0.34744579950582183
26.307880189779326,53.976047886430855,0.6067830172747088
24.301534271475198,51.398650331398976,0.028546258527499035
22.99555883738885,47.87877566485163,1.0235041889828893
27.34678601375061,44.8096931579864,0.26828326101973554
20.685670191674795,47.77081722549065,0.5776971149558532
27.839840184639133,47.33315086767358,-0.3684675698060351
22.359750289363962,50.34727417541804,0.7152997264242786
26.2428236183327,51.004371459094656,0.7746153991605939
21.54844235307868,53.845803773081,0.7981101380180134
26.280034502673377,50.74695820957955,0.8568073873730853
25.14858747136384,48.9385765009573,0.21179909465130164
28.052536582070662,53.55769961144217,0.5238679358228929
27.916509069749594,50.08735395289187,1.093114002721498
21.25852398630859,48.26020738526522,0.7849386781041099
27.389631406679428,51.24523206374142,0.23134564602264646
26.013689188677745,46.014287187725614,1.0592717201749102
27.235658559055963,46.670459062301475,0.33894576756185524
24.800999578986012,50.063254399643085,0.4492389503263609
24.806499477062722,50.51129118548425,0.5614012796893212
23.975827917945235,49.530081698396,0.4514685389381953
26.363379170946338,54.43164967883767,0.24794297921598635
27.37036535012627,50.12274957132523,1.0070228567189277
27.41472848717782,52.16913049379781,0.47495278236273974
22.138431038928207,50.7523991629567,0.45544879975773295
24.624760067728975,48.64114856984862,0.26985966302194186
23.332135278090973,52.238308746052525,0.6489636270386934
27.67861296874066,50.80798597517186,1.1900904653994844
23.956592829926265,48.318003590779476,0.6454480904762031
22.412699657473496,51.370657466176354,0.8386245689639953
23.714155170291576,46.045855172252004,0.7321535045065696
25.716842639726362,51.52637964178076,0.6793173733103366
22.810769294076188,46.91391722883631,0.6349656558865174
27.051790060994062,49.98685531802442,0.6350593964827494
29.51719703503035,52.34540284845106,0.6151482275247726
26.4272259487906,49.576880631232065,1.6198250199945294
25.81619753617039,48.40803358795505,0.8276224513568096
25.037434897814,55.92175413002752,0.4842831131894142
25.52466195082102,46.95066246078466,0.873522988770175
27.882851173488003,50.398321682231476,0.658890923496853
25.066375083183427,43.07554065902427,0.013121837354530597
26.008698207580974,46.61299695932411,0.4990434246773806
22.45566387710489,50.62136211412784,0.16229784659377888
24.771334978280525,48.057418296130194,0.8557991165464991
23.65451987963261,43.747982854450484,0.14459557671912843
23.33292043141159,50.2061668526803,0.3076553949235072
26.400732531402753,47.04063118370092,0.2595695361819349
26.378094368160344,49.69253627049777,0.695357459912995
26.343605304336016,50.55731306893456,0.6685881070883801
24.974670754174547,52.144627801686035,0.5601626543012649
27.309572696222475,47.1739797813296,-0.03706296162394418
25.26204494834901,51.54788220050875,0.3800809036709623
25.478034627414115,46.05475150346435,0.3261739708028185
24.11927373387708,50.0965921843539,0.28670685952002517
25.306270300778355,53.28016077314688,0.26759603083118744
24.515424345109228,47.84538016802805,0.8130447641498515
26.60458336125448,47.69626912311177,0.5443828302104716
25.291175420113554,55.5748547881585,0.5698633606944243
22.12731180019478,50.637993731099,0.5019813100906235
23.62449317183192,51.188658087670376,0.5527444513660527
26.529154188266254,52.49607637294684,0.3623752076372037
22.40722664904124,50.252411585887,0.4888900936039757
27.627725073156757,51.81032446378396,0.9240334539404464
21.986754025409798,44.3155642402286,0.6513229830372032
21.72653628736841,53.47338623777619,0.43419714338088994
26.847965233481702,55.12627254628127,0.2711059874118802
23.92915772665122,54.66834376000304,0.6700703221247215
24.67538916824908,46.719836825498305,0.49613010429368515
24.583438873893925,50.688015395369334,-0.16414571834410951
27.36726798538163,49.132550775912726,0.15572897707914918
23.234139869271385,47.84728566645119,0.46910025505282804
25.42983933248766,49.00876448772288,0.49416007501584425
25.591082896091354,46.16493072734985,0.5556398246263098
26.739015159290705,54.123462908337196,0.672002170196503
28.518634275104848,46.343405254981455,0.5850652834141035
24.23871124336012,50.17207207381938,1.014735445361492
26.570976438228392,50.792384420269926,0.2607441169225466
24.73950438664538,53.551320452596975,0.38401356635769945
27.516962135937966,51.69496770135137,0.3155509154297697
23.81618263298718,52.79709497693424,0.2747702640807764
26.752204859362188,50.680612627627895,0.2132517997412477
20.91255050938468,43.794026403499686,0.4479982615990332
24.050328008887348,46.2811804538891,0.5774232476656733
22.935352202045113,48.30988546122966,0.6441364980959505
28.093350555502504,47.292594484146775,0.17530542020936402
22.419679981407178,52.06955982015218,0.22688028586693681
24.190748147036516,52.43655102597471,1.0335665982902493
24.937673612788267,50.573681438986256,0.5637944313882572
26.271062243076802,50.71870066816817,0.6419504345193026
26.133716768626982,51.44635480796833,0.8996088318424074
20.66853155133407,49.2173779161619,0.2834375681575314
27.889038815402362,45.10653201187949,0.7280713602397272
29.469185070508424,51.31577519848289,0.46288017468840664
22.063004318266454,56.604580286813984,0.38741511448131916
25.681641546012184,49.28770131845137,1.1473753018842539
26.447142376636776,45.41999117923689,0.48676116536550434
22.912919856981986,48.02524843899224,0.24233722549158615
27.60017223251632,51.10125861024209,0.8588735656805602
20.741877632759742,49.89067446155889,0.5164178283499083
27.41459785303922,52.6568101014029,0.3487613997019462
23.259743786484172,47.86139058872173,0.5589463480199504
33.947270967353006,52.14535907900904,0.7754130037283455
23.04873821517104,51.61661243912215,0.38450241609234154
24.87784899828697,54.68355736492341,0.05681080780361902
23.051506646705334,50.837716594372104,0.6555496920439876
25.741575009780966,44.90479151747681,-0.1266260601090209
28.173154106618224,43.185932404546286,0.12933391387354304
23.373846476867094,54.10735329188363,0.514776012195448
20.581469069927437,47.36053111112468,0.45168217722501053
24.489382433394557,49.155913381924606,0.3010492902121319
25.3592334648989,62.84927112517118,0.5924762253555946
20.672290550848274,54.34534486119577,0.5687774962278497
26.67588914856163,50.04488290836797,-0.19466379134393774
24.460495412312696,50.91513611266014,-0.011605540378128776
24.008813021994193,48.40095583360141,0.3706421194197461
25.744317807263716,49.360459636371075,1.3023064334997452
30.204240816124916,45.95660323481579,0.34074543595037
21.977659554770348,52.863829624204165,0.2773808192174477
22.72174299748454,50.664190214807206,0.564250137690511
27.102226174261798,49.61179959791249,0.9260261531170881
23.37128122680729,48.40090850707367,0.6249232989759299
25.680712947906045,51.779852066060585,0.7394486776221666
21.916270246554912,46.68444599532144,0.7879061819634644
23.983826904816617,46.21596511999326,0.5713472152701775
24.92887360471773,52.49413463645017,0.006116453306946268
27.86212684635704,52.68815370126658,0.5666953554759815
24.971648175482187,51.32451057729836,0.7209512799881074
26.874911516671574,46.52386331573219,0.00018306447221277944
28.604025136957,55.36781566804731,-0.11815878855779449
23.837263227863247,52.23437679523738,0.7447415414517653
24.595254403189895,51.80085764364633,0.3550448391352292
23.603549386724115,47.751322095919456,0.3905984701989784
25.228277224618,48.424110747008484,0.051945877630799164
23.737749720673982,52.32812767517807,0.6711946031339442
23.553301101203857,52.37762234427507,0.7292625444991796
24.967865708790093,48.93442657370112,0.5605155806703649
24.88146369363989,54.16624588257757,0.08774789827087198
22.324914747621726,49.97221948349411,0.549626785525086
23.84671757242506,59.2009156375959,0.7862894879580513
30.704007476028874,47.14782442405261,0.5348387271610804
23.641692793728183,50.331720729900724,0.07626377117402677
22.783384923744794,51.2696716879254,0.36769361869934536
23.286344780881645,47.63554030298773,0.5066808028586531
23.98668877202891,49.82472946707768,0.386493796925393
24.64849729378646,48.6846073487256,0.44702468645899385
21.39621372470338,44.179260574793005,0.7132918813445295
24.872119706291908,50.147133201641196,0.3011467691868748
29.092235088484845,52.36752084765692,0.013559876010346972
24.36720094676638,51.195742991568565,1.0954639424255075
25.394612750877805,47.31341438733051,0.6434335720358566
23.60049778918908,48.86031978878038,-0.03824182689913147
22.99100305023388,54.744149997820166,0.1635800041589055
27.918637272106974,50.96312240398435,0.16320402290969194
21.842871038884386,46.64368920812908,0.21464170325073667
24.828472651015407,50.90732213107727,0.3870369625150692
27.486894050324768,51.974345020336244,0.20765037798729707
21.84267443853741,47.47414381278988,0.5982950106763611
23.42523600552733,49.27260550945881,0.5805916265438847
21.654496331050378,52.63528874588408,0.3737504672622284
28.11693160708848,51.843820395136646,0.3194263995899377
21.520841185274207,52.40119278574266,0.5224637921934954
25.443823928151147,52.69900711463012,0.5700959491750314
27.398286760920495,53.49066044450106,0.5161679542407371
27.231498183329702,44.865584624578396,0.8602438356198023
22.13979532784758,47.30039074545759,0.10216140148843655
26.419573222606108,50.686664966444404,0.7224331012232291
22.90102083807657,45.656513485420795,1.2975518802823771
24.952443150600708,48.719613149392146,0.2690945550527267
21.528027261515952,52.350309051843496,0.08540537554531002
25.321852965696728,47.71766350691401,0.6307961143625933
22.445618777289155,47.00792999267732,0.5659648780056268
24.72957044767174,51.2814911309325,0.2724670446915391
21.97416979190299,52.455862530633354,-0.10754909785562994
24.806169582916482,45.84347073072713,0.4370797580774347
20.302014353764964,50.306868628546965,1.3168108086482617
23.18177347533379,54.25634052532935,0.30319555399107345
26.44641895002219,52.597384583155645,0.7278034404793547
24.923813163998403,52.34773762276632,0.5049229410377951
23.318852007326452,52.979379656759235,0.5356473083060614
25.799528001030474,49.69149240692995,0.6911530850763294
27.90603918623095,52.975552014199124,0.16126956244807195
28.262085304571585,54.84802790888159,0.2676183324983805
30.53497159109655,43.25461895796859,0.9227318441344352
26.846343506929273,49.15423376467857,0.4900983957370839
22.564232221025268,47.18858827369362,0.029640857979291224
27.32019739917719,49.08467519693357,0.4129217148497101
24.120056815161277,53.275292674707025,0.06971868111354879
22.376723402423043,56.85804309352666,0.5803151157561963
24.15995127166496,50.85746465523056,0.7657560458935061
25.780857642134297,47.34639162848787,0.6899257905151304
24.01855301090944,47.99688071448708,0.6458348724893904
24.27690689734117,48.4117090392616,0.12677437221951798
24.954185196217956,54.85765730338947,0.5633415954357804
23.278636393081868,50.938690129557706,0.09931142344081739
20.89629116038607,57.17859706359174,0.33879885735758025
27.5556776700264,51.14606720764295,0.0970193076548364
23.828267968353952,49.77616818079815,0.6484833777793676
26.2486820611718,55.66751824205977,0.46297979049964744
21.916236380508614,50.538109497200736,0.12571825612506093
26.18582075418111,44.68644067843392,0.673497539679978
24.408469869255967,51.05967871054118,0.5057223693760441
27.441008204949444,50.267818080121124,0.5860721973836125
25.633956565635017,46.174665267651555,0.7194582312314275
23.736183679342602,46.78944296080859,-0.08836235886434396
25.436790805751595,52.43028157967649,0.4737858087018581
19.61232787099953,47.64002768247046,0.5591208727653303
23.787294045465117,50.302956718377736,0.6389286226693522
22.008795865411905,49.05438723740358,0.4230094919217546
24.163980023073115,48.25599221228603,0.2901074339953957
19.597415658988346,50.465844758183366,0.7928980073501523
26.89112153445079,57.616508404565266,0.16963178269750573
22.41275430088462,53.95685813068339,0.5976294119369682
23.97751929160265,44.417815491540374,0.6099487222217173
25.219944668599243,52.00823836864249,0.5226710510923069
26.171081011546793,44.25165900482232,-0.02198166056973372
22.755653917255966,51.954486067279774,0.47845717673148974
25.26052144044398,51.089497319785615,0.6554526385228061
22.80314885964106,54.55992139146378,-0.09558816451498575
22.312544213568426,47.64434459369843,0.03780650728094076
23.29242928717045,53.44366091517397,0.5715007903524448
21.879228338039027,49.00599533589001,0.5573988777605812
24.639026140439473,48.01240021385531,0.43857696466334867
28.43990282652296,53.94932472272398,0.47339191063315156
24.752801192117367,49.32952299103454,0.4060192547942796
27.25000260504887,51.30400776103202,0.5138684739849956
26.65715983290569,52.61399366926119,0.26495218005669446
25.095431358412263,45.66272572809204,0.20922820781407536
22.843656292288127,48.79344582525128,0.37893787636127574
25.155849691876114,47.76746438642972,0.8090016469418904
23.79127083895283,51.08771474907172,0.364269813263567
19.957825566967436,42.692842436004526,1.0766612392039536
18.37942520952648,48.88387021597281,0.5286415698944769
24.073103061859523,47.544923926409474,1.03184657016293
22.0184774786945,50.50497797698994,0.5882351432041883
24.891134071213887,55.07069034806973,0.08604464315375915
24.89809172807196,50.24973468891585,0.6894691637376923
24.4489991862581,52.996145649509764,0.7416662828926971
18.646693887439255,43.96069927290508,0.8806543092721474
25.73501117737086,44.17614305037801,1.2187529056036133
27.89346775641254,48.72226511103955,0.9535668987778166
26.77040512755928,51.71373767795314,0.5000153285409662
22.856955922601863,47.5358945063225,0.2797452365334103
28.40096655065131,45.37922781648662,0.05237619873178867
27.102438846109106,48.783522872830126,0.37891269075610284
27.75044242300425,48.88268695296665,0.7362885547590043
25.523936598915505,52.140131132556974,0.9701425351446338
24.0020059355506,51.26394381745591,0.3498093406465932
27.124910113410728,50.02491850655477,0.3890996598908466
29.83789309673488,55.412317543765305,0.5092625085891685
25.176269114646654,51.09484257942759,0.9968489751005774
24.6677823113657,51.22468182466607,0.5312216411734642
23.060466412544088,48.935324687409945,0.47464066372985747
25.13983687304472,48.800846124992944,0.7505273316399901
24.001261259713136,55.661766691742926,0.6168542943528155
23.3973620461169,49.66704057217564,0.5875376073177649
24.441817773763297,47.974557971340744,-0.5375291620703924
22.90224197499658,50.10504465581206,0.8834802938846309
28.462086572989257,51.45571441425075,0.6238461242716794
26.902005586552733,49.12104509559139,0.17166823631690775
26.939390387640287,49.25373088135784,0.9612582830959384
27.382485203612617,48.04775666121493,0.7031913258288288
22.522496818863985,50.31435834858241,0.7520777477212766
24.235121589511472,55.1796152153573,0.6069099666027985
22.89527391061256,45.963837242840725,1.318159667360634
26.481319204574397,49.34272453383633,1.0214220450429892
23.30841497180174,54.56954901786813,1.117465422568999
25.65016906646888,51.46980195087997,0.2711861898848107
22.776104281576284,48.79330631810216,0.5650953523528174
21.33970086079613,50.11313451578407,0.24765367658562287
26.897466432440076,52.525977547102755,0.5666243454773406
22.5584426519136,46.45173983806085,0.2592663585284688
26.34975957416639,46.49498130258199,-0.0240647139999125
29.236995621885875,49.053890427148275,0.33067588707362405
27.83923175317909,52.526604497310835,0.48391998682100834
26.357743188564626,52.36737491846343,0.5323919292552111
22.92764128792527,48.28212382595101,0.29326942906936204
27.02719421360674,51.18927633152736,0.5381438397510148
21.308441462475372,48.70027367466849,0.13391085902544736
26.441508788375373,47.1802141323448,0.7538037713921912
22.621281562675577,48.20462097442805,0.561511507613805
27.74016990924801,49.56958088621663,0.5534472928681711
20.191450843433078,50.53698460670145,0.6222186432998438
23.953862561120093,47.765567612858405,0.9039572673725866
23.914394094829504,47.592142731139454,0.5656958690861714
24.819798436228115,43.90391718923825,0.17178859518717204
21.99995700905699,51.11353076820663,0.709588006526284
21.440947367451713,48.59647130568985,0.557356617095171
25.729359397124277,48.76197758329778,0.2659642214641633
24.564189819790055,56.2851908100579,0.4144923115941553
26.298916838474625,48.75188721889938,1.001440745143035
25.55520650719274,49.34135623823796,-0.07978297477875873
21.91469426088167,48.92017818335605,0.47211044242068223
25.338851690158535,52.691065277420975,0.519595230448506
23.963075259095742,43.44500526738888,0.004576524804639881
27.11793726635354,42.063401249784334,0.5123647761378411
26.534415698913524,45.81919348765019,0.18717599632142162
26.32959597279326,51.24418794837391,0.5034617757574886
23.61658621449855,53.04911075896643,0.7077014182831782
23.472557455213156,48.399343695773176,0.8974546151911847
24.01968163021795,52.62321587180755,0.37718712614293315
27.84565682511138,48.11619085299907,0.46193176459065644
24.31161103343788,51.02140373207764,0.4700355470284613
26.197932888186774,49.46132793818646,0.49209454815740167
27.023014599507473,44.59240761274964,0.24512722059260023
26.978832593616737,43.41045412862201,0.7916533924371862
27.96177310972827,49.236024038574406,0.3560040594651316
25.771455829192373,55.62675707114172,0.9992689741531577
26.11944068463859,48.46609452964428,0.6953972467734231
22.859688681998545,47.08249802098979,0.11019465620276603
24.651092720644602,47.393070430190114,0.3965796702893579
22.516640877202736,49.37397043574487,0.2118612172298618
22.531099763904304,50.74531515410536,0.37082022353862165
24.86495105066327,50.36997172168346,0.3251590547669516
26.371239791837688,49.589429007917886,0.8857683905018385
25.962445657324356,54.323204007641145,0.7548038354020818
20.269726784273022,52.72815722112208,0.3223639796515798
26.05416898820955,50.13583682189543,0.4679290998673386
26.73494717575799,49.605707980196186,0.7165084315762009
24.34514073536024,51.55910072899394,0.5649083459986127
22.791882298258933,51.67429902574256,0.24439250943220142
22.574438122968637,52.41737497676506,0.7651718043138431
25.917212043754834,48.6269730660184,0.5983560087020472
22.51723519259735,44.51989303448649,1.0248074322150003
29.988912712708125,52.10641084272614,0.8357246120595014
26.534979479442658,49.073793698469395,0.37290821057275003
23.682069204072533,51.92411535035329,0.3767172979789958
24.89608669566183,46.17892428550639,0.5759846472902139
25.248299805510857,52.491328073610184,0.04946684739664653
24.867103567319802,49.996957561141,0.35343404091004327
24.124744921648666,54.2888448687639,0.6214467385124964
25.430852185181443,48.73826180789428,0.5502795850074211
24.102862852006925,55.823084490059756,0.523712060228298
24.84424178512739,49.02174532824597,0.5933408650410955
23.859819943803327,52.40078064577311,0.5894428696225615
29.516944757393972,48.65714031213363,0.9614296237970691
22.795214779426402,51.696615409159,0.4390646214078283
28.4671583128273,47.82979974020223,0.48032544323624476
23.69716643274108,49.86470023258109,0.33767982357953863
21.163225192341258,54.59575694388157,0.5396382339151018
23.974442472571717,51.99476814557263,0.20053272379131465
24.49315189230844,51.6956933030915,0.8847605706097728
27.35539296447464,43.49349072877165,0.4993794544283166
26.4859359817867,51.17468833518584,0.7536820727694424
21.778417439984604,50.211861548994364,0.6726143595432456
26.905621656260845,50.480385950431284,0.11946221242492933
24.317729767533176,49.59254895580962,0.3306618119070734
22.045536366685095,49.09169564569826,0.8724588174840441
26.100636545519595,52.39378144983408,0.9941452835678652
22.9374693139067,48.5114902510056,0.27951714234321934
23.86586161976737,53.750722589407125,0.6996842607547443
27.124567672197337,47.84084008754032,0.6224274070375021
28.268284060687566,40.85691223909106,0.27260981868913964
24.727915434658414,56.377594168360766,0.5142679011090234
20.40948215126684,49.216913519385,0.5079141996097825
22.736400775851045,50.192634809637,0.5153467833716731
28.41196159334704,55.44250407375889,1.002399822077971
22.231233222944308,52.06764357270816,0.8992672668123338
25.120493645915573,55.181962208584494,0.2813125353890181
23.956624130952626,48.043763159877074,0.705125810349604
29.287724022202354,48.61540494306426,0.7786319743291532
25.09041539921101,46.9407740115326,0.8104526941594081
25.07857529585854,46.50910825110091,0.561561408585079
25.587682208176513,45.70283293566285,0.3359521559812281
26.23678542707328,49.475932856035605,0.6610395622167071
27.255744934227298,46.190556559931956,0.4832996211166365
24.122569911317054,45.48463646619696,0.5128311682744126
27.358321059452653,49.43770779081242,0.5117441176665983
25.240109061030687,49.95083447837239,0.4506029028116723
21.403266875970157,53.791302879891674,0.39520320451288876
26.39251488637513,46.279102951889044,0.8064144620254738
30.199305533249643,50.18321575547135,0.648602846627646
25.31968474080146,48.62513736249199,0.5224750710730811
24.04626287466995,52.033487306497165,0.17668719100482028
27.714454661023492,53.58369043957059,0.60284422557209
25.86705158561498,53.96313470410567,0.7670860480360269
23.023073183164115,45.1991299601131,0.662772754709757
25.746445446608107,49.11388078168603,0.7286704759195748
24.59435377777112,50.74935352017158,0.5776824362283199
24.456761764788265,44.70718613028265,0.6370979564706714
26.02266279311642,49.02251156807651,0.9602078692760458
25.214513686994795,47.547427778715324,1.1464818230200382
25.899545722784826,51.606990439655426,0.3651059972725121
27.23965475867314,46.39630555776093,0.46910373395961924
22.527722914411573,45.43788197084927,0.33051117879395875
23.86439060866168,45.413808313152984,0.5493935807528656
26.584777989686618,56.21268667395334,0.8303181670712676
23.67411050871572,49.95613833818076,0.8280364951186039
24.659575120286455,52.89752714153341,0.43117613319633685
24.079102078768578,51.82577029760282,0.8241234056574596
24.35121470780811,51.6832085451423,0.22157225958853122
27.40867212716916,48.027649387294694,0.5831953898150698
22.169343611337762,52.029375756919485,0.6755755207039911
27.85268941229046,51.890064204705574,0.20404642905941783
22.92786262549151,48.07121507387746,0.8790167048173736
26.29830936572627,47.08957325097325,0.296735632638101
24.777120338260268,52.244912842872516,0.8671946270526454
24.596005905711227,51.82490697944056,0.4757213306764298
26.12747878044266,51.339033820135626,0.6971930621779415
26.148096118973317,52.87330980465012,0.5278771132834257
25.387166319896934,50.52212312900261,0.8548293921573162
19.84189660033637,54.28254003078967,0.6679735900334892
24.63085355283092,41.450852726664415,0.4469927661121894
27.014264493386833,48.74646415112125,0.24842960600299396
22.41681509329053,49.26915179523802,0.4496014703792039
22.275932154925222,46.734877284589025,0.727069478272474
24.773170484362236,50.48624936929452,0.6139100697591595
29.45238487032254,50.49073645762927,0.16100578105282176
23.024904774209325,51.991078513746636,0.9903374412717801
26.012186823232504,48.674155385930604,0.38206122944726684
24.740465486972905,53.078771974284095,0.4921813138456303
24.418666853655967,49.694390988944235,0.70772195681105
26.666650939058787,51.59410361618612,-0.13879812048555884
25.383261786700263,51.43928375423905,1.0600845942338957
23.35571456136528,50.72739421458394,0.495978322488476
27.102000085273467,48.945602788147404,0.5029253943904961
24.40943382986424,46.708484361124775,0.4821661036923351
27.165829093673413,51.824443978172674,0.7876376530983563
27.982094983150528,48.546467896588716,0.26139522542878424
25.852841348376334,54.90799814079123,0.5285375745100717
26.75449684147739,47.6591690976066,0.46469982213079863
25.393984948104848,50.59300315150575,-0.17031277732088357
28.89316885824542,47.29003005816109,0.45531892746849406
28.308912014976627,49.854636498794086,1.115975992704258
28.094380654691555,47.9324378109258,0.15242083596931333
27.22555495529796,44.89847628580833,0.5391744116655219
26.130741805569677,55.96040392838687,0.5069968197750133
26.60918609172947,48.869888537024195,0.8538661073183936
23.606748344416076,44.67658171723147,0.17784278930653036
22.37066999752399,50.6531235254968,0.47919738079242413
22.343128125587466,50.75457719410709,0.7077073251027465
24.415532469720496,49.849627272984726,0.535883276118494
25.019782626025496,49.783280380360274,0.9265126445361945
28.21686177301207,55.82690869330916,0.5531278667465696
23.46715985653402,49.87967767865113,0.516054699778577
24.921374656131416,50.80203971363106,0.9319042069060605
27.342661956935782,46.504954590599034,0.5687787394117156
25.122406247117155,53.615003856535424,0.33376096742990213
24.940302832821693,48.61343162049411,0.8848155848886581
24.167195240598843,50.92403843517721,0.3788205411640429
28.44146932508217,51.31917477001322,0.744564971744608
27.84171453746029,51.50602245818183,-0.018787054754049404
23.932279957497034,49.973295269532954,0.37766311114287
26.171134264015546,48.220418146130555,0.0012097125368951689
24.071695365077804,46.68343580301717,0.35278739758746397
25.216352104330248,47.72706640900844,0.5557212262393455
24.675690279988792,54.91334631415239,0.3386668632813864
25.765557375612826,52.52359129615378,0.6479593713816012
26.530410498043867,44.65114990108939,0.7851923969767777
22.933673662156128,52.02427137755552,-0.016235087107201562
25.139810634986087,50.35224264252451,0.4602385497866199
26.684635015544686,52.40887084203998,0.9316357834330784
27.647903382382317,49.45193512764709,0.27445900378099364
24.502965461678453,47.948487399180216,0.07673146567369377
24.514646637074225,46.453897380749396,0.19034303648846873
27.295398817143695,46.36154111172792,0.4091238052007017
20.65940030207115,49.97741217875505,0.7616112434601923
25.98514377373676,53.388533421978934,0.42765555213501383
23.606249915094295,49.45423290069663,0.7588979308598107
25.312676535151503,50.91771582321198,0.6698938619940347
26.284473834197936,52.332839327604326,0.6434082692600921
23.684745684121594,47.25143330285889,0.6466288087910379
26.320722472412267,52.271424377619205,0.22233553900973985
28.171427425132567,49.61006059142085,0.4807569913082327
26.126655756889054,54.570179894443626,0.39889042084513393
25.257482141284655,45.001051147376344,0.9253450521447142
24.86355515452189,49.95822316724493,0.333557560130604
23.899365242995547,59.06271371932177,0.2963371893819451
21.173585618321027,45.29797827917497,-0.09546390192849141
25.46158170147788,51.76615115868095,0.31252938436391264
27.319155029137743,49.64026004428406,0.6599761665636306
25.879674696042397,47.13563538422707,0.8700266422355949
25.442439256923333,52.463882635598004,0.38786893786009147
27.47752063859265,47.45230975204834,0.6140096868431398
23.170711845523872,44.4252509874096,0.7999217888169945
28.030265138921244,55.04862595538139,0.20999478625030293
26.611390754234723,52.22403571822388,0.6579839048462575
26.014837760065753,49.705296747153724,0.3603246374341087
24.306682989851893,50.41275187576883,0.3797397266245482
24.445812813724384,52.94460986746919,0.3292076049662114
23.489364013701937,53.94587193473158,-0.23261521152625841
26.04884600458687,52.65218446972928,0.5453733726773263
27.76325308826579,49.57711855838146,0.5717045315943097
25.981563054994172,47.2867768075528,0.5159045596378122
25.71115947561819,49.50295834666744,0.859451232628356
27.835057276989545,46.14103835098412,0.45001168812499515
25.30121868540274,52.54792520348767,1.123724350396645
23.337060514852368,52.587316983178184,0.9829510836552118
24.730368553294483,47.95153036894029,0.07487939837325253
20.790164790038318,49.60009892378526,0.5399071836593379
24.11420994482972,50.87415322429971,0.5615651564413031
30.844145219365416,54.08972264405275,0.5190664039665774
23.96372389078045,51.17324445847837,0.5393993755025668
27.82994501092697,50.52889471993399,1.1127074724592627
25.58101920452178,52.725342815006144,0.8933040826925434
28.784838002337636,56.834013569938286,0.5516896153841051
24.634556659095825,50.358381101804454,0.6065877649424135
27.011626217117737,52.29962474882747,0.8703320929700618
24.519647189255913,48.406862433647014,0.749107249386358
24.138620708927718,50.14191479678148,0.02531439422179993
21.745182874598633,49.081933324325725,0.5245511910531422
19.61165608023796,42.994680821670066,0.4014964502226188
24.20581789681169,56.96873937286884,0.3208594436385627
24.233893341907855,51.43008058207004,0.811298973764868
26.189047132833647,51.86025436499468,0.2509029186322601
23.212607813063922,50.48981876778015,0.5517962847459447
26.39177423152633,51.389358650143706,0.6718499848875276
23.041314431869043,55.078149371029156,0.7710074682072284
23.440945536146128,50.3962210397936,0.4371633121713424
28.8051481935198,51.4311595435788,0.8725199235789365
26.042995573519697,51.69122709998926,0.8912504892227742
26.78479461784927,44.22586926808169,0.6138885638777684
27.007292387398895,48.25288665771238,0.5437527646893462
27.582373419970057,57.081378890452505,0.53516431156235
26.683815429446987,46.52823279402347,0.566891322109878
25.207047689949732,55.1257695076004,0.4403239508524881
23.683134663697988,49.17076937354249,0.559380430480339
26.698523900308235,48.53436116169078,0.3698250098649193
24.31095553780564,51.09241837674176,0.0008789168495046407
28.27294186799428,48.62693646776859,0.8607262111536023
24.92973273516078,53.64878153383873,-0.13146906885589604
27.677902301533436,54.955503065487044,0.46653945990956014
24.243648643177824,52.65114666884591,0.5290586867205609
25.143941628338055,49.28693837276327,0.700980472180404
24.84269742123284,49.86189378357471,0.5060036095673899
28.610894698074304,49.61668028054806,0.1398160497409221
23.39492467702684,54.542611405145024,0.5163218828338186
24.57008416486439,50.63056758202915,0.670252738812881
27.691472226830967,54.38898851868664,1.0823052162351534
24.386491934119334,53.88704251407457,0.49869749222613935
22.93771400386371,48.773930045464866,0.2227265114583717
27.610684480942695,55.396460498887514,0.7241835220846096
25.808180299519574,51.12981722345032,0.7999563727772931
21.383077115161136,55.30945462200785,0.3336707681328691
25.51939090607045,48.95234367995412,0.45819142379172334
24.581479968704162,52.81628090241041,0.5775186873465633
25.575830042465736,53.34060705137256,1.013618878866328
26.88816186040901,52.98997782575475,0.7864582198216268
27.061414755975555,45.624709126655056,0.04039138825586064
24.925875382874175,50.08378772511239,-0.038829652803052395
26.526312313160314,51.543395523416606,0.6034803347048479
22.808592349042804,51.13836588201054,0.6240681005643758
20.70496370258441,51.392584227025864,1.0198123143031435
25.487426623657388,49.01142858457863,0.3871053876175228
26.548044759271207,53.32331184604039,0.7846928644949642
26.93863800764742,45.562156986444776,0.18710710126612967
27.552268402520028,47.29216262755113,0.44634332575886865
23.22629234247867,47.53832660272457,0.27710723067751697
28.558077787294707,51.18228446817472,0.6820864900051868
25.595512125198887,52.57873433894314,0.9213881212017071
25.749149389610857,49.657329578875355,1.1047086974526572
27.444816501756172,51.20998726889751,-0.049282157345798216
25.40011407546185,43.307161309997156,0.5072755150216467
23.734548839667593,52.96964238836016,0.04247451503372496
24.929419104965294,47.68897492012512,0.25349683105697196
20.56340233578402,50.83519667749707,0.8960308659393397
26.739973639613844,50.28985223792502,0.8351033003688147
23.786922248779053,51.29852846951147,0.9105974397657732
26.258187393069402,54.2588879763251,0.688941585944187
24.92868632481729,49.385179410819674,0.5588869155866263
25.995108783398774,52.9595454862467,0.5953731634429308
26.556648697070386,52.26895135416072,0.3475437821309093
27.225208505663797,48.37551782261787,0.9995109193281446
25.10800841384056,51.51106266543417,0.4968482098612595
26.634079766768775,52.49750577341986,0.4348736782768047
27.26307288302725,48.684713103646374,0.2569389054871297
30.232691041392677,49.73952321696072,-0.0426511064009224
23.945339831221535,51.38017789376942,0.6300105192004165
21.81754254131316,45.874391473136775,0.14623281078356554
24.505550462798116,48.13831563914811,0.730828346973779
21.238967390557512,44.72990187285582,-0.02961752475551871
24.27206496232403,47.20171957325408,0.387622889999811
23.348471239414046,54.56701158954705,-0.10665242160496047
27.627990771823477,45.58625487056691,0.7021039636543361
26.493776047698624,59.65330244286928,0.4113624084750544
23.818408025200814,47.77491848134876,0.38114752624646714
28.071437093935643,54.534879080304016,0.3317914460544844
22.053798642151367,60.39981549572632,0.07336151333708563
24.577439319196625,51.44668376492177,0.9004736563603892
26.56892674627557,50.054707993208275,0.8834346570727012
25.242732665376867,44.95589440805983,0.26471922305274337
26.24978577451299,51.14434794223526,0.33280074133311177
22.49674009035362,48.062232248491405,0.15814550408221956
26.747196640099276,48.790003368455245,0.6755489500610873
25.454389635253253,50.62201591739382,0.3030206166978312
26.028374021995393,51.73957976489303,0.11255259540788537
20.847912612772262,49.995683882698835,0.40017859874117667
22.070297656771718,50.195371323040945,0.28038104902267397
24.82074863266346,51.764186199555446,0.7166331459962243
25.398890826924344,48.99917002242539,0.265490038425206
27.525454032778324,47.36538085535927,0.3448169979045949
20.814508985776232,52.4476826442796,0.3838034585074257
23.738615611446157,56.11624403072732,0.15107081139363637
24.335988122641464,50.66115042832437,0.9244474210115337
24.913893874994695,56.219216257829416,0.33491814309278944
28.55106443772393,49.93112827094142,0.6587298859124698
20.502283240213934,53.116919328436566,0.7027295180268117
25.80531663470722,49.297528262674724,0.1350409216940986
26.322551400896316,52.74484660512312,0.3051111696310779
26.099585721509914,46.59879783660547,0.32087603843630286
27.352776411755976,54.16983641966089,0.7513385937936803
26.73017211152292,49.860885201531055,0.5641615893168848
23.33193294401195,45.488355876425764,0.6594853720928995
24.996027596446634,48.24805622216986,0.27463982212195065
24.556167487399794,51.88478941998808,0.35974806975175155
27.908287963884625,52.161991417728565,0.5854176770511816
24.04314460225933,53.62546153392817,0.20832826185754694
29.06967863650504,52.927102674017604,0.7961910901032094
25.72431218646667,47.11553380738574,0.6919210606625351
25.149157620654112,55.21180656654639,-0.02318434863921026
24.52720462202202,59.78390138396226,0.8584582810220853
27.706663999387224,54.03218362925681,0.5047954963272017
28.412899448269552,48.86459369266369,0.4326753588650242
24.94431119939363,50.69151751133622,-0.003248808570349593
23.635626576141867,52.8738563666186,0.7856159031897824
24.02958416097935,44.719669271340294,0.16400611442973762
22.114801167648295,50.37656480063474,0.37209539347138454
28.446096978301707,49.4503284928983,0.24184042225026242
24.886296454470337,51.62414718671244,0.4091895217968764
24.764953862698256,47.62445743902887,0.8307149530149087
26.20535788327386,42.68549217354613,0.3206872989895635
24.295168859994163,49.965133167800325,0.7722687678789873
27.36219069869533,43.67957472187759,1.3345323236073123
24.141288376080336,51.33361050479394,0.1893750008774856
22.05951806526958,52.66501835733623,0.17186554162311196
23.082189408389247,47.76467264009547,0.36555261364030067
23.804475618260206,50.616852924004526,0.31724182095410586
24.496536992279808,51.12835487451791,1.0162233429372702
26.321207387380092,51.008443893270076,0.21134045778854527
27.384717407681784,48.88991256153765,0.6058660381240041
26.45567328497348,51.99730133050994,0.03604702440024615
25.132728142339637,48.55365720504407,0.1234262192698331
27.237390463548806,49.38388911330348,0.8505430307639525
23.990022862276426,50.105985694193066,0.2403481368231396
30.354005070225014,45.425941891936255,0.5583050637156283
24.928673750433923,51.459685420856566,0.39092253066821775
22.765602793536132,50.569445159119155,0.7358525408442301
22.22872491850705,51.89648853974575,-0.20663339311973972
27.82364217759571,45.36316370276783,0.9777807961065292
26.15879053097152,50.85676485366709,0.9291798052225034
22.543594947006937,48.29566565273277,0.010885756830625148
24.340584664852063,51.943703732064094,0.060227373417476915
31.504288901745838,70.16331448662031,2.882696144563984
30.626619385540877,69.38984038209225,2.856574252894171
30.570469470173013,70.50729541274163,2.904058299490964
28.538509031480217,76.45632838972804,1.8063470594880666
30.661059164633564,71.50230582359205,2.757450648516185
29.683726357090478,70.27538388367874,2.9745067827240232
28.625875011456518,75.58283908805973,1.620137436235745
32.60827860136791,72.04538938034277,1.7409551093276199
31.485581869003635,72.01260654923897,2.0880483547990107
31.291508997536027,71.48277233951045,1.1347301950166755
29.959812281392672,69.21156791713068,1.913504343486659
28.710247032439725,72.45485639427645,2.588479967902081
32.379663491319484,70.41625883955624,2.9397224775036626
31.179126539092724,71.99480687649883,3.3687489511601507
27.617843561437812,71.5795603678474,2.400640338263942
32.93648070738295,68.90493708689192,1.1148721236843242
29.389452380257463,69.13953786653971,1.9412970342670994
29.779626295099447,71.60226655258165,1.8988543450584987
27.985164410571283,71.64947858064377,0.7665104413684083
28.929213760192624,73.95744731872452,0.8628846721018588
26.30354600728668,69.82859343524451,2.928801138463612
29.583177457368883,74.32472828319547,1.4872482296194707
30.97604644123438,71.31096331824848,1.8362060939342078
33.2527127870938,71.37690475440318,1.7244764481314487
29.12682652500401,71.10414887554519,1.3110046137621498
29.25065401161844,68.06499084075354,2.405715376368453
29.193266341714203,67.39188841322148,2.336830851003998
33.404216812671336,72.60495735509629,3.9857287511902575
29.86546062836434,62.81257792283443,0.5906760522402317
30.42099119672381,72.96999885754677,3.083864886919204
28.841822931947988,73.81591580448537,2.736732041395868
27.740909179607584,71.68835867721121,2.242611711932346
34.09418330144849,72.6000743405687,2.8476948561077955
28.566935347575416,69.62198342795055,3.7030880284814476
33.59479171921864,70.71237676148911,1.9093793394826613
28.889970014417504,73.76514337010774,2.9418086638507814
29.775527937858758,71.23225547298226,1.5874634306584268
27.20522405820907,69.7653219955763,1.8317054858122885
32.660652622448666,67.43112966789802,4.155568101781181
24.365337213388525,68.6780307231016,2.30489243545669
30.003795348403404,70.8763126068768,2.613164192692345
27.800016610382624,68.57919715351443,2.185712920098504
32.716547547575765,68.19783802258523,1.8878216116011666
31.090803205225722,72.33910408572038,2.2430455678978154
30.978556222829305,68.36272737763862,0.9010152025161893
29.541404143384888,70.26774046624523,2.0844931482618283
31.81648863509944,67.94551964605803,1.9319696104780864
30.05532798807131,66.77225776953762,2.2551972164665774
29.11828511650669,72.23749299048028,2.7630823284509733
29.22276524548448,68.04493080587059,3.6174347101688378
